Protein A;Gene A;Protein B;Gene B;Score;PMID
P51451;BLK;P04626;ERBB2;0.183;16273093 
P51452;DUSP3;P00533;EGFR;0.309;1281549 
P51636;CAV2;P00533;EGFR;0.692;24658140 15273741 16799092 25402006 
P51692;STAT5B;P00533;EGFR;0.583;10558875 22729867 16729043 
P51797;CLCN6;P04626;ERBB2;0.286;25640309 
Q8IYI6;EXOC8;P00533;EGFR;0.309;25594178 23956138 
P51813;BMX;P00533;EGFR;0.183;16273093 
P51813;BMX;P04626;ERBB2;0.183;16273093 
P45984;MAPK9;P00533;EGFR;0.286;24658140 25402006 
P46937;YAP1;P00533;EGFR;0.21;12807903 
P52306;RAP1GDS1;P00533;EGFR;0.286;20029029 
P46098;HTR3A;P00533;EGFR;0.126;28514442 
P52630;STAT2;P00533;EGFR;0.286;24658140 25402006 
P52735;VAV2;P21860;ERBB3;0.183;16273093 
Q8IZW8;TNS4;P00533;EGFR;0.183;16273093 
Q8IZW8;TNS4;P21860;ERBB3;0.183;16273093 
P52757;CHN2;P21860;ERBB3;0.183;16273093 
P46109;CRKL;P00533;EGFR;0.623;24658140 16729043 23397142 18271526 25402006 
P46109;CRKL;P04626;ERBB2;0.183;16273093 
P46109;CRKL;P21860;ERBB3;0.183;16273093 
P23458;JAK1;P04626;ERBB2;0.183;16273093 
P23467;PTPRB;P04626;ERBB2;0.065;19167335 
P23471;PTPRZ1;P04626;ERBB2;0.065;19167335 
P23528;CFL1;P00533;EGFR;0.376;24658140 20029029 
Q15303;ERBB4;P23528;CFL1;0.126;24658140 
P19022;CDH2;P00533;EGFR;0.376;19033391 
P19022;CDH2;P04626;ERBB2;0.376;19033391 
Q99075;HBEGF;P00533;EGFR;0.454;12725245 15358134 
Q96EY1;DNAJA3;P00533;EGFR;0.396;23956138 23698466 15657067 
P24394;IL4R;P04626;ERBB2;0.126;28514442 
Q86YD3;TMEM25;P00533;EGFR;0.126;26186194 
Q8N2Y8;RUSC2;P00533;EGFR;0.286;20029029 
Q99608;NDN;P00533;EGFR;0.286;20029029 
Q99650;OSMR;P00533;EGFR;0.21;27110918 
Q99700;ATXN2;P00533;EGFR;0.376;18602463 
Q99704;DOK1;P00533;EGFR;0.376;24658140 25402006 
Q99704;DOK1;P04626;ERBB2;0.332;16273093 
Q8N4S1;SPARCL1;P00533;EGFR;0.126;20029029 
Q99963;SH3GL3;P00533;EGFR;0.286;24658140 25402006 
P25098;ADRBK1;P00533;EGFR;0.454;15620700 
Q8N6M6;AOPEP;P00533;EGFR;0.126;24412244 
Q8N6N2;TTC9B;P04626;ERBB2;0.286;25640309 
P19338;NCL;P00533;EGFR;0.472;28065597 24780295 25261371 
Q9BPW0;PPP5C;P04626;ERBB2;0.126;25036637 
Q96JA1;LRIG1;P04626;ERBB2;0.21;15282549 
Q96JA1;LRIG1;P21860;ERBB3;0.21;15282549 
Q96SB4;SRPK1;P04626;ERBB2;0.21;23602568 
Q9BSM1;PCGF1;P21860;ERBB3;0.126;26687479 
Q9BT67;NDFIP1;P00533;EGFR;0.21;20534535 
Q9BU70;C9ORF156;P04626;ERBB2;0.126;24412244 
Q96KP1;EXOC2;P00533;EGFR;0.21;25594178 
Q96KQ4;PPP1R13B;P04626;ERBB2;0.21;17875712 
Q9BUN8;DERL1;P00533;EGFR;0.376;23306155 
Q8NBJ4;GOLM1;Q15303;ERBB4;0.21;27569582 
Q9BXL5;HEMGN;P00533;EGFR;0.126;24412244 
Q9BY43;CHMP4A;P00533;EGFR;0.21;23477725 
Q8NER1;TRPV1;P00533;EGFR;0.454;19155296 
P19438;TNFRSF1A;P00533;EGFR;0.286;24658140 25402006 
Q13480;GAB1;P00533;EGFR;0.731;24658140 9890893 11432805 18271526 25402006 
Q13489;BIRC3;P00533;EGFR;0.21;23972990 
Q13490;BIRC2;P00533;EGFR;0.21;23972990 
Q13491;GPM6B;P00533;EGFR;0.286;20029029 
P26447;S100A4;P00533;EGFR;0.286;24658140 25402006 
Q13387;MAPK8IP2;P04626;ERBB2;0.332;16273093 
P27701;CD82;P00533;EGFR;0.21;10985391 
P27701;CD82;P04626;ERBB2;0.21;14576349 
P27701;CD82;P21860;ERBB3;0.21;14576349 
P27986;PIK3R1;P04626;ERBB2;0.671;16273093 16843263 21075308 9756944 
Q13635;PTCH1;P00533;EGFR;0.126;28514442 
Q13671;RIN1;P04626;ERBB2;0.183;16273093 
Q13671;RIN1;P21860;ERBB3;0.183;16273093 
Q14032;BAAT;P04626;ERBB2;0.126;24412244 
Q14050;COL9A3;P00533;EGFR;0.286;20029029 
Q14093;CYLC2;P00533;EGFR;0.126;24412244 
Q14093;CYLC2;P04626;ERBB2;0.126;24412244 
Q14145;KEAP1;P00533;EGFR;0.569;25628777 
Q14155;ARHGEF7;P00533;EGFR;0.416;24658140 25402006 
Q9BYZ6;RHOBTB2;P04626;ERBB2;0.286;25640309 
Q14204;DYNC1H1;P00533;EGFR;0.286;20029029 
Q14289;PTK2B;P00533;EGFR;0.454;10777553 10980697 15657067 
Q14449;GRB14;P00533;EGFR;0.523;8647858 
Q14627;IL13RA2;P04626;ERBB2;0.286;25640309 
Q9GZV8;PRDM14;P04626;ERBB2;0.286;25640309 
Q13239;SLA;P04626;ERBB2;0.183;16273093 
Q13239;SLA;P00533;EGFR;0.416;16273093 24658140 25402006 
Q12913;PTPRJ;P04626;ERBB2;0.065;19167335 
Q14974;KPNB1;P04626;ERBB2;0.376;16314522 
Q12929;EPS8;P00533;EGFR;0.569;24658140 25402006 11408594 
Q15303;ERBB4;Q12959;DLG1;0.309;24550280 12175853 
Q15075;EEA1;P00533;EGFR;0.236;24597955 22971756 
Q9H299;SH3BGRL3;P00533;EGFR;0.126;20029029 
Q9H299;SH3BGRL3;P04626;ERBB2;0.126;16729043 
Q15120;PDK3;P00533;EGFR;0.286;20029029 
Q15262;PTPRK;P00533;EGFR;0.126;28514442 
Q15262;PTPRK;P04626;ERBB2;0.033;19167335 
Q9H3H9;TCEAL2;P04626;ERBB2;0.286;25640309 
Q15303;ERBB4;Q13263;TRIM28;0.376;20858735 
Q9H3S7;PTPN23;P00533;EGFR;0.21;23477725 
Q15303;ERBB4;A2A3K4;PTPDC1;0.183;28065597 
Q15303;ERBB4;O14522;PTPRT;0.183;28065597 
Q15303;ERBB4;O75376;NCOR1;0.21;17018285 
Q15303;ERBB4;O75688;PPM1B;0.183;28065597 
Q15303;ERBB4;O95147;DUSP14;0.183;28065597 
Q15303;ERBB4;P00533;EGFR;0.659;23153581 10572067 25140053 
Q15303;ERBB4;P03372;ESR1;0.21;19439407 
Q15303;ERBB4;P04406;GAPDH;0.126;24658140 
Q15303;ERBB4;P04637;TP53;0.21;20858735 
Q15303;ERBB4;P16333;NCK1;0.126;16729043 
Q15303;ERBB4;P22681;CBL;0.21;25140053 
Q15303;ERBB4;P29350;PTPN6;0.332;28065597 
Q15303;ERBB4;P30307;CDC25C;0.183;28065597 
Q15303;ERBB4;P35236;PTPN7;0.183;28065597 
Q15303;ERBB4;P35813;PPM1A;0.183;28065597 
Q15303;ERBB4;P43405;SYK;0.183;16273093 
Q15303;ERBB4;P46108;CRK;0.126;16729043 
Q15303;ERBB4;P46109;CRKL;0.126;16729043 
Q15303;ERBB4;P46934;NEDD4;0.569;19193720 
Q15303;ERBB4;P49593;PPM1F;0.183;28065597 
Q15303;ERBB4;P51692;STAT5B;0.126;16729043 
Q15303;ERBB4;P62988;UBA52;0.376;18334649 
Q15303;ERBB4;Q00987;MDM2;0.21;20858735 
Q15303;ERBB4;Q05209;PTPN12;0.183;28065597 
Q15303;ERBB4;Q13614;MTMR2;0.183;28065597 
Q15303;ERBB4;Q15256;PTPRR;0.183;28065597 
Q15750;TAB1;Q15303;ERBB4;0.183;28065597 
Q16828;DUSP6;Q15303;ERBB4;0.183;28065597 
Q4JDL3;PTPN20 {ECO:0000312|HGNC:HGNC:23423};Q15303;ERBB4;0.183;28065597 
Q8N2W9;PIAS4;Q15303;ERBB4;0.21;22584572 
Q8NEJ0;DUSP18;Q15303;ERBB4;0.183;28065597 
Q8WTR2;DUSP19;Q15303;ERBB4;0.183;28065597 
Q8WUJ0;STYX;Q15303;ERBB4;0.183;28065597 
Q96QG7;MTMR9;Q15303;ERBB4;0.183;28065597 
Q9BY84;DUSP16;Q15303;ERBB4;0.183;28065597 
Q9H0C8;ILKAP;Q15303;ERBB4;0.183;28065597 
Q9H0M0;WWP1;Q15303;ERBB4;0.765;19561640 19047365 
Q9H596;DUSP21;Q15303;ERBB4;0.183;28065597 
Q9Y217;MTMR6;Q15303;ERBB4;0.183;28065597 
Q9Y6W6;DUSP10;Q15303;ERBB4;0.183;28065597 
Q9Y6X2;PIAS3;Q15303;ERBB4;0.21;22584572 
Q9H4P4;RNF41;Q15303;ERBB4;0.309;11867753 
Q9H6Q3;SLA2;P04626;ERBB2;0.332;16273093 
Q13153;PAK1;P04626;ERBB2;0.21;9774445 
Q9H9S0;NANOG;P21860;ERBB3;0.126;26687479 
Q9H9Y6;POLR1B;P04626;ERBB2;0.523;26496610 21555369 
Q15750;TAB1;P00533;EGFR;0.436;24658140 18271526 25402006 
Q9HB71;CACYBP;P04626;ERBB2;0.126;25036637 
Q15819;UBE2V2;P00533;EGFR;0.286;20029029 
Q9HCC9;ZFYVE28;P00533;EGFR;0.126;19460345 
P31749;AKT1;P21860;ERBB3;0.21;21930127 
P31947;SFN;P00533;EGFR;0.74;24658140 16799092 24189400 15657067 25402006 
P31948;STIP1;P04626;ERBB2;0.126;25036637 
P32004;L1CAM;P00533;EGFR;0.21;22815787 
P32004;L1CAM;P04626;ERBB2;0.21;22815787 
P78314;SH3BP2;P04626;ERBB2;0.183;16273093 
P78362;SRPK2;P21860;ERBB3;0.183;26167880 
P63104;YWHAZ;P00533;EGFR;0.702;24658140 15657067 25402006 23956138 15225635 19531499 
P29279;CTGF;P00533;EGFR;0.376;23175185 
Q16186;ADRM1;P00533;EGFR;0.286;20029029 
Q38SD2;LRRK1;P00533;EGFR;0.376;24947832 28065597 
Q3SX64;ODF3L2;P00533;EGFR;0.376;18271526 
Q3V6T2;CCDC88A;P00533;EGFR;0.126;15882442 
P98077;SHC2;P04626;ERBB2;0.183;16273093 
Q53FC7;Q53FC7;P00533;EGFR;0.236;25036637 
Q53FC7;Q53FC7;P04626;ERBB2;0.126;25036637 
Q53GZ6;Q53GZ6;P00533;EGFR;0.126;20029029 
Q16827;PTPRO;P04626;ERBB2;0.033;19167335 
P29376;LTK;P00533;EGFR;0.454;7650032 
Q59EJ3;Q59EJ3;P00533;EGFR;0.126;20029029 
Q59GR8;Q59GR8;P00533;EGFR;0.126;20029029 
P29466;CASP1;P00533;EGFR;0.309;11226410 
Q5T7W7;TSTD2;P00533;EGFR;0.126;24412244 
Q01860;POU5F1;P21860;ERBB3;0.126;26687479 
Q02156;PRKCE;P00533;EGFR;0.286;24658140 25402006 
Q02297;NRG1;P00533;EGFR;0.436;24658140 7730382 25402006 
Q02297;NRG1;P04626;ERBB2;0.523;7592681 
P35240;NF2;P00533;EGFR;0.21;25043298 
P35241;RDX;P04626;ERBB2;0.126;27029001 
P35568;IRS1;P00533;EGFR;0.183;16273093 
P35568;IRS1;P04626;ERBB2;0.332;16273093 
P04626;ERBB2;O43559;FRS3;0.21;23279575 
P00533;EGFR;O15357;INPPL1;0.376;11349134 19713535 
P00533;EGFR;O43561;LAT;0.376;24658140 25402006 
Q15303;ERBB4;O43639;NCK2;0.126;16729043 
P00533;EGFR;O43707;ACTN4;0.49;24658140 25402006 
P00533;EGFR;O15492;RGS16;0.21;11602604 
P00533;EGFR;O15511;ARPC5;0.126;20029029 
P00533;EGFR;O43852;CALU;0.081;22939629 
P54368;OAZ1;P00533;EGFR;0.286;20029029 
P00533;EGFR;O60260;PARK2;0.376;25877876 
P55042;RRAD;P00533;EGFR;0.523;25313011 28065597 
P00533;EGFR;O60496;DOK2;0.309;10508618 
P00533;EGFR;O60603;TLR2;0.436;24658140 25402006 17126326 
P00533;EGFR;O60645;EXOC3;0.309;25594178 23956138 
P00533;EGFR;O60716;CTNND1;0.772;24658140 24189400 15657067 25402006 27316454 9535896 
P00533;EGFR;O60749;SNX2;0.21;9819414 
P00533;EGFR;O60880;SH2D1A;0.183;16273093 
P21860;ERBB3;O60880;SH2D1A;0.183;16273093 
P56945;BCAR1;P04626;ERBB2;0.21;26716506 
P56962;STX17;P00533;EGFR;0.126;24412244 
P57075;UBASH3A;P00533;EGFR;0.507;15159412 15107835 
P58340;MLF1;P04626;ERBB2;0.126;25036637 
P59665;DEFA1B;P00533;EGFR;0.126;28514442 
P60174;TPI1;P00533;EGFR;0.286;20029029 
P00533;EGFR;O75095;MEGF6;0.286;20029029 
P00533;EGFR;O75165;DNAJC13;0.332;28065597 21510942 
P60484;PTEN;P00533;EGFR;0.21;26531778 
P60709;ACTB;P04626;ERBB2;0.309;21555369 
P04626;ERBB2;O75474;FRAT2;0.126;24412244 
P04626;ERBB2;O75553;DAB1;0.183;16273093 
P21860;ERBB3;O75553;DAB1;0.183;16273093 
P00533;EGFR;O75604;USP2;0.21;22370483 
P04626;ERBB2;O75604;USP2;0.309;19436748 
P04626;ERBB2;O75815;BCAR3;0.332;16273093 
P04626;ERBB2;O75820;ZNF189;0.126;24412244 
P62158;CALM3;P00533;EGFR;0.523;14960328 24658140 20029029 16799092 
P04626;ERBB2;O95704;APBB3;0.183;16273093 
P00533;EGFR;O95718;ESRRB;0.126;24189400 
P04626;ERBB2;O95718;ESRRB;0.126;24189400 
P00533;EGFR;O96018;APBA3;0.183;16273093 
P62491;RAB11A;P00533;EGFR;0.21;27569582 
P04626;ERBB2;P00519;ABL1;0.183;16273093 
P21860;ERBB3;P00519;ABL1;0.183;16273093 
Q15303;ERBB4;P00519;ABL1;0.183;16273093 
P00533;EGFR;A1L0T0;ILVBL;0.126;24189400 
P00533;EGFR;A4FU49;SH3D21;0.126;20029029 
P00533;EGFR;A6NE01;FAM186A;0.126;28065597 
P00533;EGFR;A7MD48;SRRM4;0.126;28065597 
P00533;EGFR;A8K4G0;CD300LB;0.126;28065597 
P00533;EGFR;A8MUX0;KRTAP16-1;0.126;28065597 
P00533;EGFR;B2RTY4;MYO9A;0.126;28065597 
P00533;EGFR;B2RXH4;BTBD18 {ECO:0000312|HGNC:HGNC:37214};0.126;28065597 
P00533;EGFR;B9A064;IGLL5;0.126;28065597 
P00533;EGFR;C9J798;RASA4B;0.126;28065597 
P00533;EGFR;O00214;LGALS8;0.126;23956138 
P00533;EGFR;O00264;PGRMC1;0.126;28065597 
P00533;EGFR;O00267;SUPT5H;0.126;28065597 
P00533;EGFR;O00410;IPO5;0.126;23956138 
P00533;EGFR;O00443;PIK3C2A;0.21;10805725 
P00533;EGFR;O00471;EXOC5;0.126;23956138 
P00533;EGFR;O00483;NDUFA4;0.126;24189400 
P00533;EGFR;O00743;PPP6C;0.126;23956138 
P00533;EGFR;O00763;ACACB;0.126;28065597 
P00533;EGFR;O14545;TRAFD1;0.126;28065597 
P00533;EGFR;O14602;EIF1AY;0.126;28065597 
P00533;EGFR;O14654;IRS4;0.183;16273093 
P00533;EGFR;O14773;TPP1;0.126;23956138 
P00533;EGFR;O14787;TNPO2;0.126;23956138 
P00533;EGFR;O14939;PLD2;0.21;9837959 
P00533;EGFR;O14980;XPO1;0.126;23956138 
P00533;EGFR;O14981;BTAF1;0.126;28065597 
P00533;EGFR;O15027;SEC16A;0.126;28065597 
P00533;EGFR;O15209;ZBTB22;0.126;28065597 
P00533;EGFR;O15305;PMM2;0.126;28065597 
P00533;EGFR;O15397;IPO8;0.126;23956138 
P00533;EGFR;O15524;SOCS1;0.21;12070153 
P00533;EGFR;O43156;TTI1;0.126;23956138 
P00533;EGFR;O43175;PHGDH;0.126;23956138 
P00533;EGFR;O43264;ZW10;0.126;23956138 
P00533;EGFR;O43491;EPB41L2;0.126;28065597 
P00533;EGFR;O43524;FOXO3;0.126;28065597 
P00533;EGFR;O43617;TRAPPC3;0.126;23956138 
P00533;EGFR;O43639;NCK2;0.692;24658140 10026169 9843575 9737977 25402006 
P00533;EGFR;O43684;BUB3;0.126;23956138 
P00533;EGFR;O43719;HTATSF1;0.126;28065597 
P00533;EGFR;O43747;AP1G1;0.126;23956138 
P00533;EGFR;O43781;DYRK3;0.126;28065597 
P00533;EGFR;O43790;KRT86;0.126;23956138 
P00533;EGFR;O43829;ZBTB14;0.126;28065597 
P00533;EGFR;O60231;DHX16;0.126;28065597 
P00533;EGFR;O60308;CEP104;0.126;28065597 
P00533;EGFR;O60443;DFNA5;0.126;23956138 
P00533;EGFR;O60487;MPZL2;0.126;28065597 
P00533;EGFR;O60674;JAK2;0.648;16273093 10358079 23838182 
P00533;EGFR;O60841;EIF5B;0.126;28065597 
P00533;EGFR;O75159;SOCS5;0.21;15590694 
P00533;EGFR;O75161;NPHP4;0.126;28065597 
P00533;EGFR;O75223;GGCT;0.126;24189400 
P00533;EGFR;O75368;SH3BGRL;0.332;20029029 16729043 
P00533;EGFR;O75391;SPAG7;0.126;28065597 
P00533;EGFR;O75474;FRAT2;0.126;24412244 
P00533;EGFR;O75674;TOM1L1;0.454;19798056 
P00533;EGFR;O75688;PPM1B;0.183;28065597 
P00533;EGFR;O75815;BCAR3;0.126;15657067 
P00533;EGFR;O75843;AP1G2;0.126;23956138 
P00533;EGFR;O75886;STAM2;0.21;17403676 
P00533;EGFR;O94822;LTN1;0.126;23956138 
P00533;EGFR;O94826;TOMM70A;0.126;28065597 
P00533;EGFR;O94829;IPO13;0.126;23956138 
P00533;EGFR;O94933;SLITRK3;0.126;28065597 
P00533;EGFR;O95006;OR2F2;0.126;28065597 
P00533;EGFR;O95147;DUSP14;0.126;28065597 
P00533;EGFR;O95155;UBE4B;0.126;24189400 
P00533;EGFR;O95232;LUC7L3;0.126;28065597 
P00533;EGFR;O95347;SMC2;0.126;23956138 
P00533;EGFR;O95373;IPO7;0.126;23956138 
P00533;EGFR;O95447;LCA5L;0.126;28065597 
P00533;EGFR;O95477;ABCA1;0.126;28065597 
P00533;EGFR;O95573;ACSL3;0.126;24189400 
P00533;EGFR;O95704;APBB3;0.183;16273093 
P00533;EGFR;O95714;HERC2;0.126;28065597 
P00533;EGFR;O95816;BAG2;0.126;23956138 
P00533;EGFR;O96013;PAK4;0.126;28065597 
P00533;EGFR;P00374;DHFR;0.126;28065597 
P01100;FOS;P00533;EGFR;0.126;25241761 
P01137;TGFB1;P00533;EGFR;0.126;24412244 
P01889;HLA-B;P00533;EGFR;0.126;28065597 
P01892;HLA-A;P00533;EGFR;0.126;24189400 
P02452;COL1A1;P00533;EGFR;0.126;28065597 
P02533;KRT14;P00533;EGFR;0.126;15657067 
P02538;KRT6A;P00533;EGFR;0.126;15657067 
P02751;FN1;P00533;EGFR;0.286;20029029 
P02765;AHSG;P00533;EGFR;0.126;28065597 
P04049;RAF1;P00533;EGFR;0.286;24658140 25402006 
P04150;NR3C1;P00533;EGFR;0.376;24658140 25402006 
P04201;MAS1;P00533;EGFR;0.126;28065597 
P04350;TUBB4A;P00533;EGFR;0.126;23956138 
P04843;RPN1;P00533;EGFR;0.126;23956138 
P05107;ITGB2;P00533;EGFR;0.286;24658140 25402006 
P05141;SLC25A5;P00533;EGFR;0.126;15657067 
P05204;HMGN2;P00533;EGFR;0.126;28065597 
P05387;RPLP2;P00533;EGFR;0.126;28065597 
P05455;SSB;P00533;EGFR;0.126;28065597 
P05556;ITGB1;P00533;EGFR;0.309;23595626 
P06576;ATP5B;P00533;EGFR;0.126;15657067 
P07237;P4HB;P00533;EGFR;0.126;23956138 
P07339;CTSD;P00533;EGFR;0.126;28065597 
P07814;EPRS;P00533;EGFR;0.126;23956138 
P07947;YES1;P00533;EGFR;0.126;15657067 
P08123;COL1A2;P00533;EGFR;0.126;28065597 
P08581;MET;P00533;EGFR;0.454;24362532 21918175 24189400 
P08779;KRT16;P00533;EGFR;0.126;28065597 
P09429;HMGB1;P00533;EGFR;0.126;28065597 
P09493;TPM1;P00533;EGFR;0.183;20029029 
P09619;PDGFRB;P00533;EGFR;0.21;9506992 
P09936;UCHL1;P00533;EGFR;0.376;20029029 
P0CG32;ZCCHC18 {ECO:0000312|HGNC:HGNC:32459};P00533;EGFR;0.126;28065597 
P0CG47;UBB;P00533;EGFR;0.126;15657067 
P10412;HIST1H1E;P00533;EGFR;0.126;15657067 
P10586;PTPRF;P00533;EGFR;0.126;24189400 
P10644;PRKAR1A;P00533;EGFR;0.21;9050991 
P10809;HSPD1;P00533;EGFR;0.126;15657067 
P12035;KRT3;P00533;EGFR;0.126;28065597 
P12532;CKMT1B;P00533;EGFR;0.126;28065597 
P13591;NCAM1;P00533;EGFR;0.309;17995934 
P13645;KRT10;P00533;EGFR;0.126;28065597 
P13987;CD59;P00533;EGFR;0.183;12577067 
P14324;FDPS;P00533;EGFR;0.126;23956138 
P14416;DRD2;P00533;EGFR;0.126;28065597 
P14618;PKM;P00533;EGFR;0.033;24606918 
P14868;DARS;P00533;EGFR;0.126;23956138 
P15104;GLUL;P00533;EGFR;0.126;28065597 
P15311;EZR;P00533;EGFR;0.126;24658140 
P15514;AREGB;P00533;EGFR;0.354;8663535 10085134 
P16070;CD44;P00533;EGFR;0.61;12093135 15597342 23265944 
P16083;NQO2;P00533;EGFR;0.126;24189400 
P16144;ITGB4;P00533;EGFR;0.126;24189400 
P16298;PPP3CB;P00533;EGFR;0.183;28065597 
P17096;HMGA1;P00533;EGFR;0.126;28065597 
P17600;SYN1;P00533;EGFR;0.126;20029029 
P17676;CEBPB;P00533;EGFR;0.21;12095417 
P17844;DDX5;P00533;EGFR;0.126;28065597 
P17858;PFKL;P00533;EGFR;0.126;23956138 
P17987;TCP1;P00533;EGFR;0.126;28065597 
P18065;IGFBP2;P00533;EGFR;0.454;25893308 
P18124;RPL7;P00533;EGFR;0.126;28065597 
P18621;RPL17;P00533;EGFR;0.126;24189400 
P19256;CD58;P00533;EGFR;0.126;28065597 
P19525;EIF2AK2;P00533;EGFR;0.21;24797263 
P19823;ITIH2;P00533;EGFR;0.126;23956138 
P21359;NF1;P00533;EGFR;0.126;28065597 
P23284;PPIB;P00533;EGFR;0.126;28065597 
P23396;RPS3;P00533;EGFR;0.126;28065597 
P23458;JAK1;P00533;EGFR;0.21;18271526 
P23468;PTPRD;P00533;EGFR;0.126;24189400 
P23588;EIF4B;P00533;EGFR;0.126;28065597 
P23634;ATP2B4;P00533;EGFR;0.126;24189400 
P24821;TNC;P00533;EGFR;0.126;28065597 
P24928;POLR2A;P00533;EGFR;0.126;28065597 
P25788;PSMA3;P00533;EGFR;0.126;28065597 
P25789;PSMA4;P00533;EGFR;0.126;28065597 
P26368;U2AF2;P00533;EGFR;0.126;28065597 
P26441;CNTF;P00533;EGFR;0.126;28065597 
P26583;HMGB2;P00533;EGFR;0.126;28065597 
P27487;DPP4;P00533;EGFR;0.126;28065597 
P27816;MAP4;P00533;EGFR;0.126;28065597 
P28845;HSD11B1;P00533;EGFR;0.126;28065597 
P29317;EPHA2;P00533;EGFR;0.126;15657067 
P30101;PDIA3;P00533;EGFR;0.126;23956138 
P30153;PPP2R1A;P00533;EGFR;0.126;23956138 
P30154;PPP2R1B;P00533;EGFR;0.126;23956138 
P30304;CDC25A;P00533;EGFR;0.702;11912208 
P30711;GSTT1;P00533;EGFR;0.126;24189400 
P31151;S100A7;P00533;EGFR;0.21;16799092 
P31751;AKT2;P00533;EGFR;0.21;24797263 
P31949;S100A11;P00533;EGFR;0.126;15657067 
P33151;CDH5;P00533;EGFR;0.183;25402006 
P33992;MCM5;P00533;EGFR;0.126;23764002 
P33993;MCM7;P00533;EGFR;0.126;23764002 
P34903;GABRA3;P00533;EGFR;0.126;28065597 
P34931;HSPA1L;P00533;EGFR;0.126;24189400 
P35070;BTC;P00533;EGFR;0.033;9662041 
P35236;PTPN7;P00533;EGFR;0.183;28065597 
P35527;KRT9;P00533;EGFR;0.126;28065597 
P35579;MYH9;P00533;EGFR;0.21;22366308 
P35908;KRT2;P00533;EGFR;0.126;28065597 
P36406;TRIM23;P00533;EGFR;0.126;28065597 
P36776;LONP1;P00533;EGFR;0.126;28065597 
P37268;FDFT1;P00533;EGFR;0.126;23956138 
P39023;RPL3;P00533;EGFR;0.126;28065597 
P39210;MPV17;P00533;EGFR;0.081;22939629 
P40616;ARL1;P00533;EGFR;0.126;23956138 
P41252;IARS;P00533;EGFR;0.126;23956138 
P42338;PIK3CB;P00533;EGFR;0.126;23956138 
P42345;MTOR;P00533;EGFR;0.126;23956138 
P42677;RPS27;P00533;EGFR;0.126;28065597 
P43307;SSR1;P00533;EGFR;0.126;24189400 
P43487;RANBP1;P00533;EGFR;0.126;23956138 
P46060;RANGAP1;P00533;EGFR;0.126;23956138 
P49023;PXN;P00533;EGFR;0.126;15657067 
P49419;ALDH7A1;P00533;EGFR;0.126;28065597 
P49593;PPM1F;P00533;EGFR;0.126;28065597 
P49770;EIF2B2;P00533;EGFR;0.126;23956138 
P50281;MMP14;P00533;EGFR;0.126;24189400 
P50402;EMD;P00533;EGFR;0.126;28065597 
P50914;RPL14;P00533;EGFR;0.126;28065597 
P51149;RAB7A;P00533;EGFR;0.21;18776048 
P51553;IDH3G;P00533;EGFR;0.126;28065597 
P51610;HCFC1;P00533;EGFR;0.21;18271526 
P51617;IRAK1;P00533;EGFR;0.126;28065597 
P51648;ALDH3A2;P00533;EGFR;0.126;23956138 
P51787;KCNQ1;P00533;EGFR;0.126;28065597 
P51795;CLCN5;P00533;EGFR;0.126;24780295 
P51858;HDGF;P00533;EGFR;0.126;28065597 
P52294;KPNA1;P00533;EGFR;0.21;20692258 
P52597;HNRNPF;P00533;EGFR;0.126;15657067 
P53999;SUB1;P00533;EGFR;0.126;28065597 
P54136;RARS;P00533;EGFR;0.126;23956138 
P54760;EPHB4;P00533;EGFR;0.126;15657067 
P55081;MFAP1;P00533;EGFR;0.126;28065597 
P55884;EIF3B;P00533;EGFR;0.126;28065597 
P56192;MARS;P00533;EGFR;0.126;23956138 
P56945;BCAR1;P00533;EGFR;0.126;15657067 
P57678;GEMIN4;P00533;EGFR;0.126;23956138 
P58004;SESN2;P00533;EGFR;0.126;28065597 
P60411;KRTAP10-9;P00533;EGFR;0.126;28065597 
P60520;GABARAPL2;P00533;EGFR;0.376;20029029 
P60709;ACTB;P00533;EGFR;0.21;22366308 
P60866;RPS20;P00533;EGFR;0.126;28065597 
P60880;SNAP25;P00533;EGFR;0.126;20029029 
P60903;S100A10;P00533;EGFR;0.126;28065597 
P61966;AP1S1;P00533;EGFR;0.126;23956138 
P62258;YWHAE;P00533;EGFR;0.126;15657067 
P62269;RPS18;P00533;EGFR;0.126;24189400 
P62314;SNRPD1;P00533;EGFR;0.126;23956138 
P62316;SNRPD2;P00533;EGFR;0.21;19531499 
P62633;CNBP;P00533;EGFR;0.126;28065597 
P62701;RPS4X;P00533;EGFR;0.126;24189400 
P62714;PPP2CB;P00533;EGFR;0.126;24412244 
P62736;ACTA2;P00533;EGFR;0.21;19531499 
P62805;HIST4H4;P00533;EGFR;0.126;24189400 
P62807;HIST1H2BI;P00533;EGFR;0.126;15657067 
P62820;RAB1A;P00533;EGFR;0.126;28065597 
P62995;TRA2B;P00533;EGFR;0.126;28065597 
P63151;PPP2R2A;P00533;EGFR;0.126;23956138 
P67809;YBX1;P00533;EGFR;0.126;28065597 
P68371;TUBB4B;P00533;EGFR;0.126;23956138 
P68400;CSNK2A1;P00533;EGFR;0.21;24797263 
P68431;HIST1H3J;P00533;EGFR;0.081;12577067 
P69905;HBA2;P00533;EGFR;0.126;23956138 
P78344;EIF4G2;P00533;EGFR;0.126;28065597 
P78549;NTHL1;P00533;EGFR;0.126;28065597 
P83436;COG7;P00533;EGFR;0.126;23956138 
P98170;XIAP;P00533;EGFR;0.126;28065597 
P98172;EFNB1;P00533;EGFR;0.126;15657067 
Q00535;CDK5;P00533;EGFR;0.21;24797263 
Q00597;FANCC;P00533;EGFR;0.126;24412244 
Q01130;SRSF2;P00533;EGFR;0.126;28065597 
Q01469;FABP5;P00533;EGFR;0.126;24189400 
Q01650;SLC7A5;P00533;EGFR;0.126;24189400 
Q01813;PFKP;P00533;EGFR;0.126;23956138 
Q02040;AKAP17A;P00533;EGFR;0.126;28065597 
Q02878;RPL6;P00533;EGFR;0.126;28065597 
Q04695;KRT17;P00533;EGFR;0.126;15657067 
Q05519;SRSF11;P00533;EGFR;0.126;28065597 
Q07065;CKAP4;P00533;EGFR;0.126;15657067 
Q07157;TJP1;P00533;EGFR;0.21;12708492 
Q07837;SLC3A1;P00533;EGFR;0.126;28065597 
Q08945;SSRP1;P00533;EGFR;0.126;28065597 
Q08AM6;VAC14;P00533;EGFR;0.126;23956138 
Q0VAM2;RASGEF1B;P00533;EGFR;0.126;28065597 
Q0VDI3;C5ORF28;P00533;EGFR;0.126;28065597 
Q10567;AP1B1;P00533;EGFR;0.126;24189400 
Q12756;KIF1A;P00533;EGFR;0.126;28065597 
Q12774;ARHGEF5;P00533;EGFR;0.126;23956138 
Q12830;BPTF;P00533;EGFR;0.126;28065597 
Q12913;PTPRJ;P00533;EGFR;0.472;19167335 19836242 
Q12996;CSTF3;P00533;EGFR;0.126;28065597 
Q13094;LCP2;P00533;EGFR;0.376;24658140 25402006 
Q13098;GPS1;P00533;EGFR;0.126;24189400 
Q13144;EIF2B5;P00533;EGFR;0.126;23956138 
Q13200;PSMD2;P00533;EGFR;0.126;23956138 
Q13283;G3BP1;P00533;EGFR;0.126;28065597 
Q13387;MAPK8IP2;P00533;EGFR;0.416;16273093 24658140 25402006 
Q13428;TCOF1;P00533;EGFR;0.126;28065597 
Q13438;OS9;P00533;EGFR;0.126;23956138 
Q13442;PDAP1;P00533;EGFR;0.126;28065597 
Q13451;FKBP5;P00533;EGFR;0.126;25036637 
Q13488;TCIRG1;P00533;EGFR;0.126;28065597 
Q13492;PICALM;P00533;EGFR;0.081;22939629 
Q13509;TUBB3;P00533;EGFR;0.126;23956138 
Q13535;ATR;P00533;EGFR;0.126;23956138 
Q13546;RIPK1;P00533;EGFR;0.21;11116146 
Q13547;HDAC1;P00533;EGFR;0.126;28065597 
Q13671;RIN1;P00533;EGFR;0.21;17403676 
Q13885;TUBB2A;P00533;EGFR;0.126;23956138 
Q14004;CDK13;P00533;EGFR;0.126;28065597 
Q14011;CIRBP;P00533;EGFR;0.126;28065597 
Q14114;LRP8;P00533;EGFR;0.126;28065597 
Q14123;PDE1C;P00533;EGFR;0.126;28065597 
Q14134;TRIM29;P00533;EGFR;0.126;15657067 
Q14157;UBAP2L;P00533;EGFR;0.126;28065597 
Q14192;FHL2;P00533;EGFR;0.126;15657067 
Q14257;RCN2;P00533;EGFR;0.126;23956138 
Q14444;CAPRIN1;P00533;EGFR;0.126;28065597 
Q14498;RBM39;P00533;EGFR;0.126;28065597 
Q14515;SPARCL1;P00533;EGFR;0.183;20029029 
Q14689;DIP2A;P00533;EGFR;0.126;28065597 
Q14781;CBX2;P00533;EGFR;0.126;28065597 
Q14789;GOLGB1;P00533;EGFR;0.126;28065597 
Q14833;GRM4;P00533;EGFR;0.126;28065597 
Q15256;PTPRR;P00533;EGFR;0.183;28065597 
Q15468;STIL;P00533;EGFR;0.126;28065597 
Q155Q3;DIXDC1;P00533;EGFR;0.126;28065597 
Q15751;HERC1;P00533;EGFR;0.126;28065597 
Q16099;GRIK4;P00533;EGFR;0.126;28065597 
Q16254;E2F4;P00533;EGFR;0.126;28065597 
Q16537;PPP2R5E;P00533;EGFR;0.126;23956138 
Q16644;MAPKAPK3;P00533;EGFR;0.126;24412244 
Q16763;UBE2S;P00533;EGFR;0.21;24797263 
Q29980;MICB {ECO:0000312|EMBL:CAA62823.1};P00533;EGFR;0.126;28065597 
Q32P28;LEPRE1;P00533;EGFR;0.126;28065597 
Q3LI76;KRTAP15-1;P00533;EGFR;0.126;28065597 
Q3ZCQ8;TIMM50;P00533;EGFR;0.126;23956138 
Q4KWH8;PLCH1;P00533;EGFR;0.126;20029029 
Q4L235;AASDH;P00533;EGFR;0.126;28065597 
Q52LW3;ARHGAP29;P00533;EGFR;0.126;28065597 
Q53GQ0;HSD17B12;P00533;EGFR;0.126;23956138 
Q53RD9;FBLN7;P00533;EGFR;0.126;28065597 
Q59G22;Q59G22;P00533;EGFR;0.126;20029029 
Q5BKX6;SLC45A4;P00533;EGFR;0.126;28065597 
Q5JNZ5;RPS26P11;P00533;EGFR;0.126;24189400 
Q5JUK9;PAGE3;P00533;EGFR;0.126;28065597 
Q5JWR5;DOPEY1;P00533;EGFR;0.126;28065597 
Q5SW79;CEP170;P00533;EGFR;0.126;28065597 
Q5T1H1;EYS;P00533;EGFR;0.126;28065597 
Q5T5J6;SWT1;P00533;EGFR;0.126;28065597 
Q5T5P2;KIAA1217;P00533;EGFR;0.126;28065597 
Q5TH69;ARFGEF3;P00533;EGFR;0.126;23956138 
Q5U623;ATF7IP2;P00533;EGFR;0.126;28065597 
Q5VZL5;ZMYM4;P00533;EGFR;0.126;28065597 
Q5XG92;CES4A;P00533;EGFR;0.126;28065597 
Q63HN8;RNF213;P00533;EGFR;0.126;23956138 
Q6AWC2;WWC2;P00533;EGFR;0.126;28065597 
Q6FI13;HIST2H2AA4;P00533;EGFR;0.126;28065597 
Q6IA69;NADSYN1;P00533;EGFR;0.126;28065597 
Q6IBW4;NCAPH2;P00533;EGFR;0.126;23956138 
Q6IQ23;PLEKHA7;P00533;EGFR;0.126;28065597 
Q6NXR4;TTI2;P00533;EGFR;0.126;23956138 
Q6P0Q8;MAST2;P00533;EGFR;0.126;28065597 
Q6P1M9;ARMCX5;P00533;EGFR;0.126;28065597 
Q6P2D8;XRRA1;P00533;EGFR;0.126;28065597 
Q6P3W7;SCYL2;P00533;EGFR;0.126;28065597 
Q6P3X3;TTC27;P00533;EGFR;0.126;23956138 
Q6Y7W6;GIGYF2;P00533;EGFR;0.126;28065597 
Q6YHU6;THADA;P00533;EGFR;0.126;23956138 
Q6ZMW3;EML6;P00533;EGFR;0.126;28065597 
Q6ZNJ1;NBEAL2;P00533;EGFR;0.126;23956138 
Q70CQ2;USP34;P00533;EGFR;0.126;28065597 
Q70CQ4;USP31;P00533;EGFR;0.126;28065597 
Q717R9;CYS1;P00533;EGFR;0.126;28065597 
Q71RC9;SMIM5;P00533;EGFR;0.126;28065597 
Q7L4I2;RSRC2;P00533;EGFR;0.126;28065597 
Q7Z2W4;ZC3HAV1;P00533;EGFR;0.126;28065597 
Q7Z2X4;PID1;P00533;EGFR;0.126;28065597 
Q7Z333;SETX;P00533;EGFR;0.126;28065597 
Q7Z3T1;OR2W3;P00533;EGFR;0.126;28065597 
Q7Z3U7;MON2;P00533;EGFR;0.126;23956138 
Q7Z4Q2;HEATR3;P00533;EGFR;0.126;23956138 
Q7Z5A4;PRSS42;P00533;EGFR;0.126;28065597 
Q86SG6;NEK8;P00533;EGFR;0.126;28065597 
Q86SP6;GPR149;P00533;EGFR;0.126;28065597 
Q86VH4;LRRTM4;P00533;EGFR;0.126;28065597 
Q86VI3;IQGAP3;P00533;EGFR;0.126;23956138 
Q86W26;NLRP10;P00533;EGFR;0.126;23956138 
Q86WZ0;HEATR4;P00533;EGFR;0.126;28065597 
Q86XI2;NCAPG2;P00533;EGFR;0.126;23956138 
Q86Y56;HEATR2;P00533;EGFR;0.126;23956138 
Q86YE8;ZNF573;P00533;EGFR;0.126;28065597 
Q86YT5;SLC13A5;P00533;EGFR;0.126;28065597 
Q86YZ3;HRNR;P00533;EGFR;0.126;28065597 
Q8IVD9;NUDCD3;P00533;EGFR;0.126;25036637 
Q8IWA6;CCDC60;P00533;EGFR;0.126;28065597 
Q8IXS8;FAM126B;P00533;EGFR;0.126;28065597 
Q8IY21;DDX60;P00533;EGFR;0.21;18271526 
Q8IYB3;SRRM1;P00533;EGFR;0.126;28065597 
Q8IYE0;CCDC146;P00533;EGFR;0.126;28065597 
Q8IYH5;ZZZ3;P00533;EGFR;0.126;28065597 
Q8IZ07;ANKRD13A;P00533;EGFR;0.126;23956138 
Q8N0S6;CENPL;P00533;EGFR;0.126;28065597 
Q8N108;MIER1;P00533;EGFR;0.126;28065597 
Q8N163;CCAR2;P00533;EGFR;0.126;24189400 
Q8N1F7;NUP93;P00533;EGFR;0.126;23956138 
Q8N1I0;DOCK4;P00533;EGFR;0.21;18271526 
Q8N1S5;SLC39A11;P00533;EGFR;0.126;23956138 
Q8N2C7;UNC80;P00533;EGFR;0.126;28065597 
Q8N7B9;EFCAB3;P00533;EGFR;0.126;28065597 
Q8N7C3;TRIML2;P00533;EGFR;0.126;28065597 
Q8N801;C2ORF61;P00533;EGFR;0.126;28065597 
Q8N983;MRPL43;P00533;EGFR;0.126;28065597 
Q8N9V7;TOPAZ1;P00533;EGFR;0.126;28065597 
Q8NC26;ZNF114;P00533;EGFR;0.126;28065597 
Q8NC51;SERBP1;P00533;EGFR;0.126;28065597 
Q8ND56;LSM14A;P00533;EGFR;0.126;28065597 
Q8NEJ0;DUSP18;P00533;EGFR;0.126;28065597 
Q8NFI3;ENGASE;P00533;EGFR;0.126;24189400 
Q8NI51;CTCFL;P00533;EGFR;0.126;28065597 
Q8TAG9;EXOC6;P00533;EGFR;0.126;23956138 
Q8TAM1;BBS10;P00533;EGFR;0.126;28065597 
Q8TD08;MAPK15;P00533;EGFR;0.126;28065597 
Q8TD26;CHD6;P00533;EGFR;0.126;28065597 
Q8TDR0;TRAF3IP1;P00533;EGFR;0.126;28065597 
Q8TED0;UTP15;P00533;EGFR;0.126;28065597 
Q8TEQ0;SNX29;P00533;EGFR;0.126;28065597 
Q8TEW6;DOK4;P00533;EGFR;0.183;16273093 
Q8TEX9;IPO4;P00533;EGFR;0.126;23956138 
Q8WTR2;DUSP19;P00533;EGFR;0.183;28065597 
Q8WTW3;COG1;P00533;EGFR;0.126;23956138 
Q8WUJ0;STYX;P00533;EGFR;0.183;28065597 
Q8WUY1;THEM6;P00533;EGFR;0.126;23956138 
Q8WVB3;HEXDC;P00533;EGFR;0.126;28065597 
Q8WVP7;LMBR1;P00533;EGFR;0.126;28065597 
Q8WVZ9;KBTBD7;P00533;EGFR;0.126;28065597 
Q8WXD5;GEMIN6;P00533;EGFR;0.126;23956138 
Q8WXI7;MUC16;P00533;EGFR;0.126;28065597 
Q8WXX0;DNAH7;P00533;EGFR;0.126;28065597 
Q8WYL5;SSH1;P00533;EGFR;0.126;28065597 
Q8WYP3;RIN2;P00533;EGFR;0.183;16273093 
Q8WZ42;TTN;P00533;EGFR;0.126;28065597 
Q8WZ75;ROBO4;P00533;EGFR;0.126;28065597 
Q92504;SLC39A7;P00533;EGFR;0.126;28065597 
Q92572;AP3S1;P00533;EGFR;0.21;24797263 
Q92611;EDEM1;P00533;EGFR;0.126;28065597 
Q92616;GCN1L1;P00533;EGFR;0.126;23956138 
Q92618;ZNF516;P00533;EGFR;0.126;28065597 
Q92620;DHX38;P00533;EGFR;0.126;28065597 
Q92904;DAZL;P00533;EGFR;0.126;28065597 
Q92918;MAP4K1;P00533;EGFR;0.376;24658140 9346925 25402006 
Q92973;TNPO1;P00533;EGFR;0.126;23956138 
Q93008;USP9X;P00533;EGFR;0.126;23956138 
Q969X1;TMBIM1;P00533;EGFR;0.126;28065597 
Q96A65;EXOC4;P00533;EGFR;0.454;25594178 23956138 
Q96AG4;LRRC59;P00533;EGFR;0.126;15657067 
Q96B96;TMEM159;P00533;EGFR;0.126;28065597 
Q96BY6;DOCK10;P00533;EGFR;0.126;28065597 
Q96DY7;MTBP;P00533;EGFR;0.126;28065597 
Q96EB1;ELP4;P00533;EGFR;0.126;28065597 
Q96ED9;HOOK2;P00533;EGFR;0.126;23956138 
Q96EF0;MTMR8;P00533;EGFR;0.126;28065597 
Q96EQ8;RNF125;P00533;EGFR;0.126;28065597 
Q96ER3;SAAL1;P00533;EGFR;0.126;23956138 
Q96IZ5;RBM41;P00533;EGFR;0.21;18271526 
Q96JB1;DNAH8;P00533;EGFR;0.126;28065597 
Q96KG9;SCYL1;P00533;EGFR;0.126;28065597 
Q96KR1;ZFR;P00533;EGFR;0.126;28065597 
Q96MT3;PRICKLE1;P00533;EGFR;0.126;28065597 
Q96NL0;RUNDC3B;P00533;EGFR;0.126;28065597 
Q96P63;SERPINB12;P00533;EGFR;0.126;28065597 
Q96P70;IPO9;P00533;EGFR;0.126;23956138 
Q96PD2;DCBLD2;P00533;EGFR;0.309;25061874 
Q96PG8;BBC3;P00533;EGFR;0.21;20153921 
Q96Q15;SMG1;P00533;EGFR;0.126;28065597 
Q96QU8;XPO6;P00533;EGFR;0.126;23956138 
Q96RL7;VPS13A;P00533;EGFR;0.126;24189400 
Q96RV3;PCNX;P00533;EGFR;0.126;28065597 
Q96T58;SPEN;P00533;EGFR;0.126;28065597 
Q96T76;MMS19;P00533;EGFR;0.126;23956138 
Q99417;MYCBP;P00533;EGFR;0.21;18271526 
Q99558;MAP3K14;P00533;EGFR;0.21;11116146 
Q99816;TSG101;P00533;EGFR;0.126;28065597 
Q99932;SPAG8;P00533;EGFR;0.126;28065597 
Q99959;PKP2;P00533;EGFR;0.126;15657067 
Q99986;VRK1;P00533;EGFR;0.21;24797263 
Q9BPW0;PPP5C;P00533;EGFR;0.126;25036637 
Q9BQ15;NABP2;P00533;EGFR;0.126;28065597 
Q9BQ24;ZFYVE21;P00533;EGFR;0.126;28065597 
Q9BRS2;RIOK1;P00533;EGFR;0.21;18271526 
Q9BSW7;SYT17;P00533;EGFR;0.126;28065597 
Q9BT09;CNPY3;P00533;EGFR;0.126;28065597 
Q9BT17;MTG1;P00533;EGFR;0.126;28065597 
Q9BU70;C9ORF156;P00533;EGFR;0.126;24412244 
Q9BUA3;C11ORF84;P00533;EGFR;0.21;18271526 
Q9BUF5;TUBB6;P00533;EGFR;0.126;23956138 
Q9BV68;RNF126;P00533;EGFR;0.569;23418353 
Q9BVC5;C2ORF49;P00533;EGFR;0.126;28065597 
Q9BW27;NUP85;P00533;EGFR;0.126;23956138 
Q9BWN1;PRR14;P00533;EGFR;0.126;28065597 
Q9BX97;PLVAP;P00533;EGFR;0.126;28065597 
Q9BXH1;BBC3;P00533;EGFR;0.21;20153921 
Q9BXS5;AP1M1;P00533;EGFR;0.126;23956138 
Q9BYJ9;YTHDF1;P00533;EGFR;0.126;24189400 
Q9BZX2;UCK2;P00533;EGFR;0.21;24797263 
Q9BZZ5;API5;P00533;EGFR;0.126;28065597 
Q9C0E2;XPO4;P00533;EGFR;0.126;23956138 
Q9GZY0;NXF2B;P00533;EGFR;0.126;28065597 
Q9H079;KATNBL1;P00533;EGFR;0.126;28065597 
Q9H0A9;SPATC1L;P00533;EGFR;0.126;28065597 
Q9H0C8;ILKAP;P00533;EGFR;0.183;28065597 
Q9H1E3;NUCKS1;P00533;EGFR;0.126;28065597 
Q9H267;VPS33B;P00533;EGFR;0.126;22677173 
Q9H446;RWDD1;P00533;EGFR;0.126;28065597 
Q9H4B8;DPEP3;P00533;EGFR;0.126;28065597 
Q9H5V8;CDCP1;P00533;EGFR;0.126;15657067 
Q9H6H4;REEP4;P00533;EGFR;0.126;28065597 
Q9H6R4;NOL6;P00533;EGFR;0.126;28065597 
Q9H7D7;WDR26;P00533;EGFR;0.126;23956138 
Q9H9E3;COG4;P00533;EGFR;0.126;23956138 
Q9H9Y2;RPF1;P00533;EGFR;0.126;28065597 
Q9HAU4;SMURF2;P00533;EGFR;0.569;21750651 
Q9HAV4;XPO5;P00533;EGFR;0.126;23956138 
Q9HCF6;TRPM3;P00533;EGFR;0.126;28065597 
Q9NP31;SH2D2A;P00533;EGFR;0.183;16273093 
Q9NP60;IL1RAPL2;P00533;EGFR;0.126;28065597 
Q9NP71;MLXIPL;P00533;EGFR;0.126;28065597 
Q9NP72;RAB18;P00533;EGFR;0.126;28065597 
Q9NQS7;INCENP;P00533;EGFR;0.126;28065597 
Q9NQT5;EXOSC3;P00533;EGFR;0.126;28065597 
Q9NR45;NANS;P00533;EGFR;0.126;24412244 
Q9NS86;LANCL2;P00533;EGFR;0.126;23956138 
Q9NUC0;SERTAD4;P00533;EGFR;0.126;28065597 
Q9NVW2;RLIM;P00533;EGFR;0.126;28065597 
Q9NW75;GPATCH2;P00533;EGFR;0.126;28065597 
Q9NXH8;TOR4A;P00533;EGFR;0.126;23956138 
Q9NXW2;DNAJB12;P00533;EGFR;0.126;23956138 
Q9NZ01;TECR;P00533;EGFR;0.126;23956138 
Q9P104;DOK5;P00533;EGFR;0.183;16273093 
Q9P258;RCC2;P00533;EGFR;0.126;28065597 
Q9P2P5;HECW2;P00533;EGFR;0.126;28065597 
Q9UBB6;NCDN;P00533;EGFR;0.126;23956138 
Q9UBK2;PPARGC1A;P00533;EGFR;0.126;23956138 
Q9UBS4;DNAJB11;P00533;EGFR;0.126;24189400 
Q9UBV2;SEL1L;P00533;EGFR;0.126;23956138 
Q9UGL9;CRCT1;P00533;EGFR;0.126;28065597 
Q9UHI6;DDX20;P00533;EGFR;0.126;23956138 
Q9UHN6;TMEM2;P00533;EGFR;0.126;28065597 
Q9UI12;ATP6V1H;P00533;EGFR;0.126;23956138 
Q9UI26;IPO11;P00533;EGFR;0.126;23956138 
Q9UIA9;XPO7;P00533;EGFR;0.126;23956138 
Q9UIF3;TEKT2;P00533;EGFR;0.126;28065597 
Q9UIG8;SLCO3A1;P00533;EGFR;0.126;28065597 
Q9UK59;DBR1;P00533;EGFR;0.126;24189400 
Q9UK76;HN1;P00533;EGFR;0.126;28065597 
Q9UKE5;TNIK;P00533;EGFR;0.126;28065597 
Q9UKJ3;GPATCH8;P00533;EGFR;0.126;28065597 
Q9UKU6;TRHDE;P00533;EGFR;0.126;28065597 
Q9UL15;BAG5;P00533;EGFR;0.126;28065597 
Q9ULK0;GRID1;P00533;EGFR;0.126;28065597 
Q9UMX9;SLC45A2;P00533;EGFR;0.126;28065597 
Q9UNF1;MAGED2;P00533;EGFR;0.126;28065597 
Q9UNL4;ING4;P00533;EGFR;0.126;28065597 
Q9UP83;COG5;P00533;EGFR;0.126;23956138 
Q9UPN7;PPP6R1;P00533;EGFR;0.126;23956138 
Q9UPT8;ZC3H4;P00533;EGFR;0.126;28065597 
Q9UPW5;AGTPBP1;P00533;EGFR;0.126;28065597 
Q9UPX8;SHANK2;P00533;EGFR;0.126;28065597 
Q9UQ35;SRRM2;P00533;EGFR;0.126;28065597 
Q9UQC2;GAB2;P00533;EGFR;0.507;19172738 16253990 
Q9Y230;RUVBL2;P00533;EGFR;0.126;28065597 
Q9Y263;PLAA;P00533;EGFR;0.126;23956138 
Q9Y2D4;EXOC6B;P00533;EGFR;0.126;23956138 
Q9Y2H8;ZNF510;P00533;EGFR;0.126;24412244 
Q9Y2R0;COA3;P00533;EGFR;0.126;28065597 
Q9Y2V7;COG6;P00533;EGFR;0.126;23956138 
Q9Y305;ACOT9;P00533;EGFR;0.126;23956138 
Q9Y314;NOSIP;P00533;EGFR;0.126;28065597 
Q9Y3F4;STRAP;P00533;EGFR;0.126;23956138 
Q9Y3M2;CBY1;P00533;EGFR;0.126;28065597 
Q9Y3R5;DOPEY2;P00533;EGFR;0.126;23956138 
Q9Y490;TLN1;P00533;EGFR;0.183;16273093 
Q9Y4H2;IRS2;P00533;EGFR;0.21;18271526 
Q9Y4P8;WIPI2;P00533;EGFR;0.126;28065597 
Q9Y4R8;TELO2;P00533;EGFR;0.126;23956138 
Q9Y5H0;PCDHGA3;P00533;EGFR;0.126;28065597 
Q9Y5L0;TNPO3;P00533;EGFR;0.126;23956138 
Q9Y6D6;ARFGEF1;P00533;EGFR;0.126;23956138 
Q9Y6E2;BZW2;P00533;EGFR;0.126;23956138 
Q9Y6Q5;AP1M2;P00533;EGFR;0.126;23956138 
Q9Y6R0;NUMBL;P00533;EGFR;0.183;16273093 
P04626;ERBB2;P01133;EGF;0.309;12093292 
P21860;ERBB3;P01133;EGF;0.309;12093292 
P04626;ERBB2;P01135;TGFA;0.196;25241761 
P03372;ESR1;P00533;EGFR;0.569;17284441 28065597 
P04626;ERBB2;P03372;ESR1;0.21;15173068 
P04083;ANXA1;P00533;EGFR;0.539;20029029 24189400 15581623 
P04626;ERBB2;A8K1F4;A8K1F4;0.126;25036637 
P04626;ERBB2;O00443;PIK3C2A;0.21;10805725 
P04626;ERBB2;O00483;NDUFA4;0.126;24189400 
P04626;ERBB2;O14514;BAI1;0.183;25640309 
P04626;ERBB2;O14522;PTPRT;0.183;28065597 
P04626;ERBB2;O14654;IRS4;0.183;16273093 
P04626;ERBB2;O14796;SH2D1B;0.183;16273093 
P04626;ERBB2;O15524;SOCS1;0.183;16273093 
P04626;ERBB2;O43639;NCK2;0.183;16273093 
P04626;ERBB2;O60487;MPZL2;0.126;28065597 
P04626;ERBB2;O60674;JAK2;0.21;11940572 
P04626;ERBB2;O60884;DNAJA2;0.126;24189400 
P04626;ERBB2;O75190;DNAJB6;0.126;24189400 
P04626;ERBB2;O75368;SH3BGRL;0.126;16729043 
P04626;ERBB2;O75791;GRAP2;0.343;16273093 25241761 
P04626;ERBB2;O94923;GLCE;0.286;25640309 
P04626;ERBB2;O95147;DUSP14;0.183;28065597 
P04626;ERBB2;O95274;LYPD3;0.286;25640309 
P04626;ERBB2;O95470;SGPL1;0.126;24189400 
P04626;ERBB2;O95573;ACSL3;0.126;24189400 
P04626;ERBB2;P01137;TGFB1;0.126;24412244 
P04626;ERBB2;P04406;GAPDH;0.126;24658140 
P05093;CYP17A1;P04626;ERBB2;0.286;25640309 
P05556;ITGB1;P04626;ERBB2;0.21;12600989 
P07355;ANXA2;P04626;ERBB2;0.126;24189400 
P08195;SLC3A2;P04626;ERBB2;0.126;24189400 
P10620;MGST1;P04626;ERBB2;0.126;24189400 
P11021;HSPA5;P04626;ERBB2;0.126;24189400 
P14618;PKM;P04626;ERBB2;0.033;24606918 
P15309;ACPP;P04626;ERBB2;0.033;9705354 
P15880;RPS2;P04626;ERBB2;0.126;24189400 
P16520;GNB3;P04626;ERBB2;0.126;24189400 
P16591;FER;P04626;ERBB2;0.183;16273093 
P16615;ATP2A2;P04626;ERBB2;0.126;24189400 
P16885;PLCG2;P04626;ERBB2;0.343;16273093 25241761 
P18433;PTPRA;P04626;ERBB2;0.126;28065597 
P19174;PLCG1;P04626;ERBB2;0.539;16273093 1683701 1676673 
P23470;PTPRG;P04626;ERBB2;0.033;19167335 
P25686;DNAJB2;P04626;ERBB2;0.126;24189400 
P26045;PTPN3;P04626;ERBB2;0.033;19167335 
P26641;EEF1G;P04626;ERBB2;0.126;26496610 
P27348;YWHAQ;P04626;ERBB2;0.126;24189400 
P27824;CANX;P04626;ERBB2;0.126;24189400 
P30153;PPP2R1A;P04626;ERBB2;0.126;24189400 
P31689;DNAJA1;P04626;ERBB2;0.126;24189400 
P33947;KDELR2;P04626;ERBB2;0.126;24189400 
P35070;BTC;P04626;ERBB2;0.126;25241761 
P35232;PHB;P04626;ERBB2;0.126;24189400 
P35813;PPM1A;P04626;ERBB2;0.183;28065597 
P36542;ATP5C1;P04626;ERBB2;0.126;24189400 
P41240;CSK;P04626;ERBB2;0.21;9461599 
P42704;LRPPRC;P04626;ERBB2;0.126;24189400 
P43307;SSR1;P04626;ERBB2;0.126;24189400 
P46108;CRK;P04626;ERBB2;0.183;16273093 
P48651;PTDSS1;P04626;ERBB2;0.126;26496610 
P49336;CDK8;P04626;ERBB2;0.126;24412244 
P49411;TUFM;P04626;ERBB2;0.126;24189400 
P49593;PPM1F;P04626;ERBB2;0.183;28065597 
P52735;VAV2;P04626;ERBB2;0.183;16273093 
P53007;SLC25A1;P04626;ERBB2;0.126;24189400 
P55795;HNRNPH2;P04626;ERBB2;0.126;24189400 
P57088;TMEM33;P04626;ERBB2;0.126;24189400 
P61619;SEC61A1;P04626;ERBB2;0.126;24189400 
P62714;PPP2CB;P04626;ERBB2;0.126;24189400 
P62873;GNB1;P04626;ERBB2;0.126;24189400 
P62879;GNB2;P04626;ERBB2;0.126;24189400 
P62988;UBA52;P04626;ERBB2;0.21;19218427 
P63010;AP2B1;P04626;ERBB2;0.21;16314522 
P67775;PPP2CA;P04626;ERBB2;0.126;24189400 
P78352;DLG4;P04626;ERBB2;0.523;10839362 
Q00325;SLC25A3;P04626;ERBB2;0.126;24189400 
Q00610;CLTC;P04626;ERBB2;0.21;16314522 
Q02750;MAP2K1;P04626;ERBB2;0.126;24412244 
Q03169;TNFAIP2;P04626;ERBB2;0.126;24189400 
Q05397;PTK2;P04626;ERBB2;0.498;25241761 12600989 
Q13200;PSMD2;P04626;ERBB2;0.126;25036637 
Q13451;FKBP5;P04626;ERBB2;0.126;25036637 
Q13526;PIN1;P04626;ERBB2;0.21;19077306 
Q14451;GRB7;P04626;ERBB2;0.772;12061724 17875712 16273093 9079677 
Q15075;EEA1;P04626;ERBB2;0.21;16314522 
Q15797;SMAD1;P04626;ERBB2;0.126;24412244 
Q3ZCQ8;TIMM50;P04626;ERBB2;0.126;24189400 
Q68CZ2;TNS3;P04626;ERBB2;0.183;16273093 
Q6PK50;HSP90AB1;P04626;ERBB2;0.126;25036637 
Q6PKX4;DOK6;P04626;ERBB2;0.183;16273093 
Q7KZ85;SUPT6H;P04626;ERBB2;0.183;16273093 
Q8IXB1;DNAJC10;P04626;ERBB2;0.126;24189400 
Q8NEJ0;DUSP18;P04626;ERBB2;0.183;28065597 
Q8NHS0;DNAJB8;P04626;ERBB2;0.126;24189400 
Q8TF42;UBASH3B;P04626;ERBB2;0.126;24189400 
Q8WTR2;DUSP19;P04626;ERBB2;0.183;28065597 
Q8WUJ0;STYX;P04626;ERBB2;0.183;28065597 
Q8WUY1;THEM6;P04626;ERBB2;0.126;24189400 
Q8WV28;BLNK;P04626;ERBB2;0.183;16273093 
Q8WYL5;SSH1;P04626;ERBB2;0.126;28065597 
Q92504;SLC39A7;P04626;ERBB2;0.126;24189400 
Q92529;SHC3;P04626;ERBB2;0.183;16273093 
Q92729;PTPRU;P04626;ERBB2;0.183;28065597 
Q93034;CUL5;P04626;ERBB2;0.21;19933325 
Q93084;ATP2A3;P04626;ERBB2;0.126;24189400 
Q96BE0;Q96BE0;P04626;ERBB2;0.126;25036637 
Q96FQ6;S100A16;P04626;ERBB2;0.126;24189400 
Q99623;PHB2;P04626;ERBB2;0.126;24189400 
Q99650;OSMR;P04626;ERBB2;0.365;11821958 25241761 
Q99959;PKP2;P04626;ERBB2;0.126;24189400 
Q9BRG2;SH2D3A;P04626;ERBB2;0.183;16273093 
Q9BTE6;AARSD1;P04626;ERBB2;0.126;25036637 
Q9BVV7;TIMM21;P04626;ERBB2;0.126;24189400 
Q9GZT3;SLIRP;P04626;ERBB2;0.126;24189400 
Q9H0C8;ILKAP;P04626;ERBB2;0.183;28065597 
Q9H254;SPTBN4;P04626;ERBB2;0.126;24189400 
Q9HAV0;GNB4;P04626;ERBB2;0.126;24189400 
Q9HCY8;S100A14;P04626;ERBB2;0.126;24189400 
Q9NTG1;PKDREJ;P04626;ERBB2;0.126;24189400 
Q9NVI7;ATAD3A;P04626;ERBB2;0.126;24189400 
Q9NZJ7;MTCH1;P04626;ERBB2;0.183;25640309 
Q9P035;PTPLAD1;P04626;ERBB2;0.126;24189400 
Q9P0L0;VAPA;P04626;ERBB2;0.126;24189400 
Q9P1Z9;CCDC180;P04626;ERBB2;0.126;24412244 
Q9UBM7;DHCR7;P04626;ERBB2;0.126;24189400 
Q9Y251;HPSE;P04626;ERBB2;0.126;26496610 
Q9Y266;NUDC;P04626;ERBB2;0.126;25036637 
P04629;NTRK1;P00533;EGFR;0.126;25921289 
P04626;ERBB2;O94812;BAIAP3;0.126;25640309 
P04792;HSPB1;P00533;EGFR;0.416;24189400 15657067 23397142 
P00533;EGFR;O94898;LRIG2;0.21;25353163 
P00533;EGFR;O95219;SNX4;0.21;9819414 
Q92569;PIK3R3;P00533;EGFR;0.583;16273093 24658140 25241761 25402006 
Q92600;RQCD1;P00533;EGFR;0.454;20878056 
P32004;L1CAM;P21860;ERBB3;0.309;22815787 
Q96JA1;LRIG1;Q15303;ERBB4;0.376;15345710 15282549 
P00533;EGFR;P00519;ABL1;0.523;16273093 24658140 25402006 
P11387;TOP1;P00533;EGFR;0.236;24780295 
P00533;EGFR;O43592;XPOT;0.236;15657067 23956138 
P00533;EGFR;O15269;SPTLC1;0.236;23956138 28065597 
P00533;EGFR;O14965;AURKA;0.659;23520446 
P00533;EGFR;O00170;AIP;0.286;20029029 
P00533;EGFR;O14522;PTPRT;0.286;28065597 
P11309;PIM1;P00533;EGFR;0.286;24658140 25402006 
P00533;EGFR;O94992;HEXIM1;0.286;20029029 
P00533;EGFR;O94875;SORBS2;0.286;20029029 
P00533;EGFR;O95433;AHSA1;0.286;20029029 
P00533;EGFR;O95470;SGPL1;0.236;24189400 23956138 
P05026;ATP1B1;P00533;EGFR;0.376;16799092 
P04075;ALDOA;P00533;EGFR;0.286;20029029 
P01040;CSTA;P00533;EGFR;0.236;24189400 
P02545;LMNA;P00533;EGFR;0.236;24780295 
P04264;KRT1;P00533;EGFR;0.236;15657067 28065597 
P04114;APOB;P00533;EGFR;0.236;24189400 28065597 
P05362;ICAM1;P00533;EGFR;0.376;16799092 
P06132;UROD;P00533;EGFR;0.286;20029029 
P07437;TUBB;P00533;EGFR;0.236;15657067 23956138 
P06702;S100A9;P00533;EGFR;0.376;16799092 
P06748;NPM1;P00533;EGFR;0.236;24780295 
P07949;RET;P00533;EGFR;0.286;24658140 25402006 
P09496;CLTA;P00533;EGFR;0.376;16799092 
P09382;LGALS1;P00533;EGFR;0.309;23956138 19225046 
P0CG48;UBC;P00533;EGFR;0.376;27475501 19531499 
P10275;AR;P00533;EGFR;0.523;15305378 15288768 
Q02246;CNTN2;P00533;EGFR;0.286;20029029 
P35813;PPM1A;P00533;EGFR;0.286;28065597 
P23467;PTPRB;P00533;EGFR;0.472;19167335 28065597 8870675 
P17174;GOT1;P00533;EGFR;0.286;20029029 
P13866;SLC5A1;P00533;EGFR;0.376;18455122 
P13647;KRT5;P00533;EGFR;0.236;15657067 28065597 
P16885;PLCG2;P00533;EGFR;0.554;16273093 24658140 25241761 25402006 
P16234;PDGFRA;P00533;EGFR;0.454;24658140 25402006 
P23246;SFPQ;P00533;EGFR;0.236;24189400 
P18433;PTPRA;P00533;EGFR;0.286;28065597 
P18085;ARF4;P00533;EGFR;0.454;12446727 
P18074;ERCC2;P00533;EGFR;0.236;24780295 
P20336;RAB3A;P00533;EGFR;0.286;20029029 
P20936;RASA1;P00533;EGFR;0.681;16273093 1385407 8647858 
P35637;FUS;P00533;EGFR;0.236;24780295 
P29590;PML;P00533;EGFR;0.623;23563092 
P26232;CTNNA2;P00533;EGFR;0.236;24189400 
P25705;ATP5A1;P00533;EGFR;0.236;24189400 
P25205;MCM3;P00533;EGFR;0.236;24780295 
P35321;SPRR1A;P00533;EGFR;0.236;24189400 
P31946;YWHAB;P00533;EGFR;0.286;24658140 25402006 
P31689;DNAJA1;P00533;EGFR;0.236;15657067 23956138 
P31321;PRKAR1B;P00533;EGFR;0.286;20029029 
P31939;ATIC;P00533;EGFR;0.286;20029029 
P33991;MCM4;P00533;EGFR;0.236;24780295 
Q01973;ROR1;P00533;EGFR;0.692;22439932 
P49908;SEPP1;P00533;EGFR;0.286;20029029 
P39748;FEN1;P00533;EGFR;0.236;24780295 
P40855;PEX19;P00533;EGFR;0.236;15657067 23956138 
P41222;PTGDS;P00533;EGFR;0.286;20029029 
P49798;RGS4;P00533;EGFR;0.286;24658140 25402006 
P45983;MAPK8;P00533;EGFR;0.286;24658140 25402006 
P43243;MATR3;P00533;EGFR;0.286;20029029 
P48594;SERPINB4;P00533;EGFR;0.236;24189400 
P49411;TUFM;P00533;EGFR;0.236;24189400 28065597 
P49069;CAMLG;P00533;EGFR;0.569;24658140 12919676 25402006 
Q00325;SLC25A3;P00533;EGFR;0.236;24189400 15657067 
P56539;CAV3;P00533;EGFR;0.454;9374534 
P53041;PPP5C;P00533;EGFR;0.286;20029029 
P55735;SEC13;P00533;EGFR;0.376;16799092 
P54652;HSPA2;P00533;EGFR;0.236;24189400 23956138 
P53675;CLTCL1;P00533;EGFR;0.376;16799092 
P53680;AP2S1;P00533;EGFR;0.309;24189400 24797263 
P55036;PSMD4;P00533;EGFR;0.286;20029029 
P98175;RBM10;P00533;EGFR;0.309;28065597 18271526 
P61978;HNRNPK;P00533;EGFR;0.236;15657067 28065597 
P61619;SEC61A1;P00533;EGFR;0.309;23956138 20937808 
P62841;RPS15;P00533;EGFR;0.236;24189400 
P62330;ARF6;P00533;EGFR;0.286;20029029 
P78527;PRKDC;P00533;EGFR;0.309;23178489 23956138 
P68104;EEF1A1;P00533;EGFR;0.236;15657067 23956138 
Q13905;RAPGEF1;P00533;EGFR;0.286;24658140 25402006 
Q08881;ITK;P00533;EGFR;0.286;24658140 25402006 
Q05397;PTK2;P00533;EGFR;0.507;24658140 10806474 15657067 25402006 
Q02790;FKBP4;P00533;EGFR;0.286;20029029 
Q08211;DHX9;P00533;EGFR;0.236;24780295 
Q13882;PTK6;P00533;EGFR;0.354;16273093 8940083 
Q13153;PAK1;P00533;EGFR;0.286;24658140 25402006 
Q12905;ILF2;P00533;EGFR;0.236;24780295 
Q12906;ILF3;P00533;EGFR;0.236;24780295 
Q13740;ALCAM;P00533;EGFR;0.376;16799092 
Q13263;TRIM28;P00533;EGFR;0.236;24780295 
Q13561;DCTN2;P00533;EGFR;0.286;20029029 
Q13322;GRB10;P00533;EGFR;0.659;24658140 9506989 25402006 
Q14318;FKBP8;P00533;EGFR;0.454;20029029 
Q16620;NTRK2;P00533;EGFR;0.286;24658140 25402006 
Q15005;SPCS2;P00533;EGFR;0.286;20029029 
Q14566;MCM6;P00533;EGFR;0.236;24780295 
Q14974;KPNB1;P00533;EGFR;0.236;15657067 23956138 
Q6NZI2;PTRF;P00533;EGFR;0.309;18776048 23956138 
Q4JDL3;PTPN20 {ECO:0000312|HGNC:HGNC:23423};P00533;EGFR;0.286;28065597 
Q68CZ2;TNS3;P00533;EGFR;0.523;24658140 25402006 
Q6UWL2;SUSD1;P00533;EGFR;0.236;24189400 
Q6S5L8;SHC4;P00533;EGFR;0.659;24658140 24430869 25402006 
Q6UWJ1;TMCO3;P00533;EGFR;0.286;20029029 
Q8N5H7;SH2D3C;P00533;EGFR;0.286;24658140 25402006 
Q75V66;ANO5;P00533;EGFR;0.236;24189400 
Q8N111;CEND1;P00533;EGFR;0.286;20029029 
Q9NYD6;HOXC10;P00533;EGFR;0.376;16799092 
Q96JX3;SERAC1;P00533;EGFR;0.236;24189400 
Q92522;H1FX;P00533;EGFR;0.236;24189400 
Q92538;GBF1;P00533;EGFR;0.236;23956138 28065597 
Q92889;ERCC4;P00533;EGFR;0.236;24780295 
Q92832;NELL1;P00533;EGFR;0.236;24189400 
Q969Z0;TBRG4;P00533;EGFR;0.236;15657067 23956138 
Q9NXR7;BRE;P00533;EGFR;0.236;24780295 
Q96QV6;HIST1H2AA;P00533;EGFR;0.236;24189400 
Q99952;PTPN18;P00533;EGFR;0.286;24658140 25402006 
Q99759;MAP3K3;P00533;EGFR;0.286;24658140 25402006 
Q99784;OLFM1;P00533;EGFR;0.286;20029029 
Q9NSE2;CISH;P00533;EGFR;0.554;16273093 24658140 25402006 
Q9H6Q3;SLA2;P00533;EGFR;0.286;24658140 25402006 
Q9BRG2;SH2D3A;P00533;EGFR;0.61;24658140 10187783 25402006 
Q9NNZ3;DNAJC4;P00533;EGFR;0.286;20029029 
Q9NR50;EIF2B3;P00533;EGFR;0.236;15657067 23956138 
Q9Y237;PIN4;P00533;EGFR;0.286;20029029 
Q9UGK3;STAP2;P00533;EGFR;0.286;24658140 25402006 
Q9NZM3;ITSN2;P00533;EGFR;0.286;24658140 25402006 
Q9NYF8;BCLAF1;P00533;EGFR;0.309;28065597 18271526 
Q9UBB4;ATXN10;P00533;EGFR;0.236;15657067 23956138 
Q9UMD9;COL17A1;P00533;EGFR;0.236;24189400 
Q9UPY6;WASF3;P00533;EGFR;0.286;24658140 25402006 
Q9Y3A3;MOB4;P00533;EGFR;0.286;20029029 
Q9Y5X1;SNX9;P00533;EGFR;0.286;24658140 25402006 
Q96CW1;AP2M1;P00533;EGFR;0.671;23956138 20029029 24189400 24797263 
Q58DX5;NAALADL2;P04626;ERBB2;0.236;26186194 28514442 
P37173;TGFBR2;P04626;ERBB2;0.236;26186194 28514442 
Q99962;SH3GL2;P00533;EGFR;0.78;24658140 15456872 25402006 24854121 11894095 
Q96RS6;NUDCD1;Q15303;ERBB4;0.236;25036637 
P34932;HSPA4;P00533;EGFR;0.722;24658140 12006493 20029029 18271526 25402006 
Q13596;SNX1;P00533;EGFR;0.236;8638121 9819414 
Q15303;ERBB4;P07900;HSP90AA1;0.236;24658140 22939624 
Q13636;RAB31;P00533;EGFR;0.454;19725050 
Q16539;MAPK14;P00533;EGFR;0.396;7535770 23397142 
P04406;GAPDH;P00533;EGFR;0.74;24658140 20029029 16799092 25402006 23956138 
Q16543;CDC37;P04626;ERBB2;0.416;25036637 24189400 
Q13191;CBLB;P00533;EGFR;0.899;15657067 16729043 10086340 11375397 10635327 24797263 16702950 19531499 18271526 
P98172;EFNB1;P04626;ERBB2;0.523;22279592 
P11498;PC;P04626;ERBB2;0.236;26496610 
P04626;ERBB2;O00459;PIK3R2;0.597;16273093 1334406 16729043 
P04626;ERBB2;O95292;VAPB;0.236;24189400 26496610 
P04626;ERBB2;O15260;SURF4;0.236;26496610 
P04626;ERBB2;O75367;H2AFY;0.787;22589551 
P08133;ANXA6;P04626;ERBB2;0.286;25640309 
P05023;ATP1A1;P04626;ERBB2;0.236;24189400 26496610 
P29350;PTPN6;P04626;ERBB2;0.286;28065597 
P22681;CBL;P04626;ERBB2;0.376;25081058 26716506 
P49005;POLD2;P04626;ERBB2;0.286;25640309 
P40763;STAT3;P04626;ERBB2;0.648;16273093 11940572 20876300 
P35222;CTNNB1;P04626;ERBB2;0.794;11950845 7702605 11245482 
P46940;IQGAP1;P04626;ERBB2;0.659;21724847 
P41252;IARS;P04626;ERBB2;0.286;25640309 
P42224;STAT1;P04626;ERBB2;0.463;16273093 25241761 
Q969S3;ZNF622;P04626;ERBB2;0.236;26496610 
Q15904;ATP6AP1;P04626;ERBB2;0.286;25640309 
Q05209;PTPN12;P04626;ERBB2;0.416;19167335 21376233 
Q00341;HDLBP;P04626;ERBB2;0.286;25640309 
Q15256;PTPRR;P04626;ERBB2;0.286;28065597 
Q13882;PTK6;P04626;ERBB2;0.757;20700126 18719096 
Q92973;TNPO1;P04626;ERBB2;0.236;26496610 
Q3V6T2;CCDC88A;P04626;ERBB2;0.236;26496610 
Q92748;THRSP;P04626;ERBB2;0.286;25640309 
Q8ND82;ZNF280C;P04626;ERBB2;0.236;26496610 
Q9BUL5;PHF23;P04626;ERBB2;0.286;25640309 
Q96RT1;ERBB2IP;P04626;ERBB2;0.888;11278603 10878805 12379659 
Q9Y5J1;UTP18;P04626;ERBB2;0.286;25640309 
P12830;CDH1;P00533;EGFR;0.671;24658140 24189400 25241761 10969083 25468996 25402006 
Q14247;CTTN;P00533;EGFR;0.523;24658140 25402006 
Q14457;BECN1;P00533;EGFR;0.731;24034250 
P16070;CD44;P04626;ERBB2;0.376;12093135 17092940 
Q15165;PON2;P00533;EGFR;0.236;26186194 28514442 
Q15303;ERBB4;Q13425;SNTB2;0.523;10725395 
Q15303;ERBB4;Q06124;PTPN11;0.49;28065597 16729043 
Q15303;ERBB4;P29353;SHC1;0.523;16273093 24658140 16729043 
Q15303;ERBB4;P08238;HSP90AB1;0.236;22939624 
Q15303;ERBB4;P21860;ERBB3;0.61;20227043 10572067 
Q9NYJ8;TAB2;Q15303;ERBB4;0.454;17018285 
Q15303;ERBB4;Q15303;ERBB4;0.554;18334220 20943952 
Q96J02;ITCH;Q15303;ERBB4;0.937;17463226 18334649 
Q15700;DLG2;Q15303;ERBB4;0.523;10725395 
Q92796;DLG3;Q15303;ERBB4;0.523;10725395 
P17252;PRKCA;P00533;EGFR;0.61;24658140 12878187 25402006 
P98077;SHC2;P00533;EGFR;0.354;16273093 24430869 
P00533;EGFR;O00459;PIK3R2;0.772;24658140 1334406 25402006 16273093 23956138 19531499 
P21860;ERBB3;O00459;PIK3R2;0.61;16273093 16729043 24189400 
Q8NBA8;DTWD2;P04626;ERBB2;0.236;26186194 28514442 
Q8NBJ4;GOLM1;P00533;EGFR;0.765;27569582 
Q9Y4L5;RNF115;P00533;EGFR;0.454;23418353 
Q15303;ERBB4;Q02297;NRG1;0.523;9168115 10970856 
P82930;MRPS34;P21860;ERBB3;0.236;24189400 
P21860;ERBB3;O15431;SLC31A1;0.236;26186194 28514442 
P82663;MRPS25;P21860;ERBB3;0.236;24189400 
P21860;ERBB3;P08238;HSP90AB1;0.236;24189400 22939624 
P22626;HNRNPA2B1;P21860;ERBB3;0.236;24189400 
P21860;ERBB3;P20036;HLA-DPA1;0.236;26186194 28514442 
P21860;ERBB3;P21860;ERBB3;0.49;20007378 23436906 
P82650;MRPS22;P21860;ERBB3;0.236;24189400 
P41240;CSK;P21860;ERBB3;0.236;16729043 
P42704;LRPPRC;P21860;ERBB3;0.236;24189400 
Q9Y676;MRPS18B;P21860;ERBB3;0.236;24189400 
Q3ZCM7;TUBB8;P21860;ERBB3;0.236;26186194 28514442 
Q13882;PTK6;P21860;ERBB3;0.354;16273093 11114724 
Q06124;PTPN11;P21860;ERBB3;0.354;28065597 9756944 
Q15165;PON2;P21860;ERBB3;0.236;24189400 
Q562R1;ACTBL2;P21860;ERBB3;0.236;24189400 
Q9HBH1;PDF;P21860;ERBB3;0.236;26186194 28514442 
Q99729;HNRNPAB;P21860;ERBB3;0.236;24189400 
Q9BYN8;MRPS26;P21860;ERBB3;0.236;24189400 
Q05209;PTPN12;P00533;EGFR;0.671;24658140 20029029 21376233 25402006 28065597 
P29350;PTPN6;P00533;EGFR;0.722;28065597 9733788 7673163 
P62993;GRB2;P21860;ERBB3;0.539;24658140 16729043 24189400 9756944 
P29353;SHC1;P21860;ERBB3;0.702;24658140 16729043 24189400 9756944 11546794 16273093 
Q15303;ERBB4;P62993;GRB2;0.539;24658140 25140053 16729043 
P46934;NEDD4;P00533;EGFR;0.332;19953087 
P51451;BLK;P00533;EGFR;0.583;16273093 24658140 25402006 
P00533;EGFR;O43147;SGSM2;0.286;16169070 
Q15303;ERBB4;P46937;YAP1;0.914;25283809 19047365 12807903 15023535 
P52735;VAV2;P00533;EGFR;0.757;12454019 19531499 10938113 20940296 18271526 
P30530;AXL;P00533;EGFR;0.376;25873175 
P27348;YWHAQ;P00533;EGFR;0.636;24658140 20029029 24189400 15657067 25402006 
Q07912;TNK2;P00533;EGFR;0.787;15657067 20086093 17182860 18271526 18435854 19815557 
Q07889;SOS1;P00533;EGFR;0.853;10675333 19289468 23956138 19531499 9447973 7510700 20473329 18271526 
Q07890;SOS2;P00533;EGFR;0.692;24658140 10675333 18271526 25402006 23956138 19531499 
Q9UJ41;RABGEF1;P00533;EGFR;0.702;16499958 28065597 
Q9UJM3;ERRFI1;P04626;ERBB2;0.523;25640309 24189400 
Q9H8T0;AKTIP;P00533;EGFR;0.376;25151576 27535835 
Q9UBN7;HDAC6;P04626;ERBB2;0.286;20029029 
Q9UNE7;STUB1;P00533;EGFR;0.722;24658140 20029029 27475501 25402006 
P42684;ABL2;P00533;EGFR;0.61;16273093 24658140 25402006 
P68366;TUBA4A;P21860;ERBB3;0.332;26186194 28514442 24189400 
Q14451;GRB7;P21860;ERBB3;0.712;16273093 9516479 24189400 
P40818;USP8;P00533;EGFR;0.832;16120644 23153581 23477725 23333852 25485838 25853104 
P46108;CRK;P00533;EGFR;0.891;24658140 9642287 10595738 16729043 9617486 25402006 16273093 
P42229;STAT5A;P00533;EGFR;0.74;24658140 22729867 24135280 16729043 10358079 25402006 
P42566;EPS15;P00533;EGFR;0.787;16499958 9049247 15701692 21226813 16429130 19109251 
P27986;PIK3R1;P00533;EGFR;0.772;8662998 25241761 7797556 16273093 19531499 21701776 
Q8IZV2;CMTM8;P00533;EGFR;0.454;16263120 
Q12933;TRAF2;P00533;EGFR;0.659;24658140 23972990 18271526 25402006 
Q8TF42;UBASH3B;P00533;EGFR;0.826;15159412 24189400 18271526 23956138 17880946 
Q16543;CDC37;P00533;EGFR;0.731;12471035 24189400 25036637 23956138 
Q92529;SHC3;P00533;EGFR;0.554;16273093 9507002 8662772 
Q92870;APBB2;P00533;EGFR;0.702;16273093 24658140 25402006 
Q14289;PTK2B;P04626;ERBB2;0.365;25241761 10713673 
Q96JA1;LRIG1;P00533;EGFR;0.507;18542056 15345710 15282549 
Q15303;ERBB4;P42229;STAT5A;0.454;15534001 22584572 16729043 
P07585;DCN;P00533;EGFR;0.671;12105206 9988678 
P04626;ERBB2;O95980;RECK;0.454;21255571 
P08238;HSP90AB1;P00533;EGFR;0.78;22939624 24658140 12471035 15657067 23956138 20029029 24189400 25402006 
P00533;EGFR;O14543;SOCS3;0.436;24658140 12070153 25402006 
P05067;APP;P00533;EGFR;0.416;24658140 25402006 
P00533;EGFR;O60884;DNAJA2;0.332;23956138 24189400 15657067 
P00533;EGFR;O94973;AP2A2;0.396;23956138 24189400 24797263 
P01135;TGFA;P00533;EGFR;0.681;24658140 10775655 12297049 25402006 8663070 
P05023;ATP1A1;P00533;EGFR;0.454;16799092 28065597 
P08631;HCK;P00533;EGFR;0.376;24658140 23397142 25402006 
P0DMV8;HSPA1A;P00533;EGFR;0.416;20029029 25402006 24189400 
P09874;PARP1;P00533;EGFR;0.332;28065597 24780295 
P0DP24;CALM2 {ECO:0000303|PUBMED:9681195, ECO:0000312|HGNC:HGNC:1445};P00533;EGFR;0.49;14960328 25402006 16799092 
P0DMV9;HSPA1B {ECO:0000312|HGNC:HGNC:5233};P00533;EGFR;0.416;20029029 25402006 24189400 
P0DP23;CALM1 {ECO:0000303|PUBMED:7925473, ECO:0000312|HGNC:HGNC:1442};P00533;EGFR;0.49;14960328 25402006 16799092 
P0DP25;CALM3 {ECO:0000312|HGNC:HGNC:1449};P00533;EGFR;0.49;14960328 25402006 16799092 
P15941;MUC1;P00533;EGFR;0.908;24658140 11483589 11278868 25402006 16983337 21258405 
P16615;ATP2A2;P00533;EGFR;0.332;23956138 24189400 15657067 
P16333;NCK1;P00533;EGFR;0.801;24658140 10026169 9362449 1333047 25402006 16273093 8662998 
P27695;APEX1;P00533;EGFR;0.332;28065597 24780295 
P26641;EEF1G;P00533;EGFR;0.376;28065597 20029029 
P27824;CANX;P00533;EGFR;0.332;24189400 28065597 
P30307;CDC25C;P00533;EGFR;0.376;24658140 25402006 
P32121;ARRB2;P00533;EGFR;0.416;24658140 25402006 
P31948;STIP1;P00533;EGFR;0.376;20029029 
P49756;RBM25;P00533;EGFR;0.332;24189400 28065597 
P55060;CSE1L;P00533;EGFR;0.332;23956138 28065597 15657067 
P68366;TUBA4A;P00533;EGFR;0.396;23956138 16799092 24189400 
Q02952;AKAP12;P00533;EGFR;0.376;20029029 
Q8IUR7;ARMC8;P00533;EGFR;0.332;23956138 24189400 
Q8WV24;PHLDA1;P00533;EGFR;0.332;23956138 24189400 
Q96TA1;FAM129B;P00533;EGFR;0.623;26721396 
Q9H0D6;XRN2;P00533;EGFR;0.332;24780295 24189400 
Q9Y2H9;MAST1;P00533;EGFR;0.376;20029029 
P14923;JUP;P04626;ERBB2;0.445;7702605 25241761 
P15311;EZR;P04626;ERBB2;0.472;24658140 27029001 
P15941;MUC1;P04626;ERBB2;0.454;12939402 11278868 
P04626;ERBB2;P02786;TFRC;0.332;26496610 24189400 
P12931;SRC;P04626;ERBB2;0.895;11940572 21075308 17875712 
P34932;HSPA4;P04626;ERBB2;0.507;12006493 21503962 17239458 
Q15303;ERBB4;P78352;DLG4;0.945;10725395 10839362 16767099 17018285 
P00533;EGFR;O75791;GRAP2;0.454;24658140 25402006 
P09769;FGR;P00533;EGFR;0.454;24658140 25402006 
P10599;TXN;P00533;EGFR;0.416;24658140 20029029 15657067 
P14625;HSP90B1;P00533;EGFR;0.507;12471035 28065597 20029029 
P19174;PLCG1;P00533;EGFR;0.922;11983899 7693694 9756944 16273093 9207933 12803489 7993895 14568990 9020117 12061819 
P31749;AKT1;P00533;EGFR;0.49;24658140 25402006 
P31943;HNRNPH1;P00533;EGFR;0.472;24189400 15657067 18271526 
P35221;CTNNA1;P00533;EGFR;0.416;24189400 25241761 15657067 
P63010;AP2B1;P00533;EGFR;0.472;23956138 24189400 24797263 
Q12852;MAP3K12;P00533;EGFR;0.454;20029029 
Q86VI4;LAPTM4B;P00533;EGFR;0.569;25594178 
P18031;PTPN1;P00533;EGFR;0.934;24658140 9355745 7693694 9050838 10889023 8621392 25796184 25402006 
Q99952;PTPN18;P04626;ERBB2;0.702;25081058 
Q03135;CAV1;P00533;EGFR;0.95;24658140 9374534 10781609 16407214 19446582 12388423 25402006 15273741 16799092 15657067 
P21860;ERBB3;P00533;EGFR;0.837;10527633 24189400 22439932 18803307 23436906 10572067 
P29353;SHC1;P04626;ERBB2;0.876;24658140 16729043 10085134 9710588 9756944 16273093 28065597 16843263 
Q9UJM3;ERRFI1;P00533;EGFR;0.955;18776048 23956138 26280531 28065597 19531499 19815557 24189400 18271526 
Q9UNE7;STUB1;P04626;ERBB2;0.93;17239458 12574167 26716506 12239347 17875712 
P42224;STAT1;P00533;EGFR;0.872;24658140 24797263 10358079 25402006 12070153 23956138 
Q15303;ERBB4;P04626;ERBB2;0.61;24557338 10572067 10839362 16767099 
Q96B97;SH3KBP1;P00533;EGFR;0.925;12734385 21635887 15456872 12771190 12177062 11894095 16849543 
P00533;EGFR;O00750;PIK3C2B;0.92;24658140 11533253 10805725 25402006 
Q02297;NRG1;P21860;ERBB3;0.975;7592681 9168115 10970856 17697999 11555649 
P62993;GRB2;P04626;ERBB2;0.872;24658140 16729043 9710588 9756944 16273093 24189400 17875712 11606575 
P00533;EGFR;O95782;AP2A1;0.539;20029029 24189400 24797263 23956138 
P07992;ERCC1;P00533;EGFR;0.735;24780295 
P08195;SLC3A2;P00533;EGFR;0.583;16799092 24189400 15657067 
P35222;CTNNB1;P00533;EGFR;0.671;9535896 24189400 9233779 11950845 
P38646;HSPA9;P00533;EGFR;0.49;28065597 20029029 24189400 15657067 
P46940;IQGAP1;P00533;EGFR;0.74;21349850 19114553 
Q9ULV8;CBLC;P00533;EGFR;0.837;10362357 22888118 10571044 
Q9UBN7;HDAC6;P00533;EGFR;0.899;24658140 20029029 20133936 25402006 
Q9H4P4;RNF41;P21860;ERBB3;0.794;11867753 12411582 17384230 21576364 
P11021;HSPA5;P00533;EGFR;0.597;12471035 24189400 15657067 23956138 28065597 
Q9UQB8;BAIAP2;P00533;EGFR;0.61;24658140 24189400 25402006 
P07900;HSP90AA1;P04626;ERBB2;0.945;24658140 12006493 17239458 11071886 20558745 24189400 25036637 21503962 26804907 22939624 18655187 20159553 22315411 16144943 
P40763;STAT3;P00533;EGFR;0.99;24658140 14966128 24189400 21573184 18258752 10358079 25402006 24135280 25241761 15657067 15950906 15485908 20145033 9756944 23956138 
P27986;PIK3R1;P21860;ERBB3;0.983;22439932 9130710 16273093 20007781 18803287 24189400 15812817 21075308 11546794 20227043 11694521 9756944 10572067 10383151 
P12931;SRC;P00533;EGFR;0.97;17284441 24658140 10777553 23175185 21268077 24189400 21573184 17158602 10358079 10971656 25402006 20333651 28065597 
P01133;EGF;P00533;EGFR;1;10085134 25080504 23597562 19531499 12093292 18427122 10970856 17697999 25453753 21439278 25241761 2790960 11684674 12297050 26280537 12620237 18271526 22729867 8663535 
P11142;HSPA8;P00533;EGFR;0.794;24658140 12471035 15657067 23956138 28065597 20029029 24189400 25402006 
P04626;ERBB2;P04626;ERBB2;0.925;14576349 19077306 21255571 19650109 23436906 19060928 16843263 21480528 
P21860;ERBB3;P04626;ERBB2;0.996;23688700 15504738 9130710 23436906 7592681 19411071 17426253 23680147 19060928 20227043 24557338 25241761 10572067 16843263 22806884 15812817 21075308 
P04626;ERBB2;P00533;EGFR;0.99;19650109 17486068 23436906 24189400 19060928 18803307 16516204 16207817 20211985 24557338 25241761 15657067 11408594 10572067 16843263 21044682 17307140 
P29353;SHC1;P00533;EGFR;1;24658140 11370743 16273093 23799367 25402006 8810340 8034616 10595738 16729043 9756944 23956138 28065597 9544989 20473329 24430869 9742218 18271526 10635327 23178716 9130710 19531499 24189400 10766863 10049786 15657067 11408594 7542744 7518560 7506413 8662998 
P22681;CBL;P00533;EGFR;1;17880946 14627991 23799367 12593795 9756944 9121472 15159412 18316398 19947936 15962011 10086340 17182860 7782294 23175185 16246327 12803489 22591401 15210722 27059931 15657067 21772844 15668240 17995934 22976291 18273061 8662998 25521828 16849543 16914641 17971399 14505571 11370743 28198003 20562913 16969069 10428778 23158001 23897813 25872741 11239464 22203672 16729043 19155296 16105874 26055326 23774213 15677445 10635327 9130710 19531499 15465819 12604776 18508924 26177020 15282549 12734385 7592693 17242169 11408594 19713535 20940296 15107835 19836242 20124286 20877636 18271526 22833562 19578043 16923119 7657591 15735736 23418353 17486068 15383614 19225046 12061819 15117950 25140053 23153581 17545148 22266821 
P62993;GRB2;P00533;EGFR;1;10085134 7527043 16273093 23799367 7650032 8810340 10595738 11896612 23956138 19254954 11960376 9886492 14679214 8647858 23178716 12577067 1322798 9050991 19531499 24189400 10229072 21706016 7592693 27059931 16799092 15657067 17242169 21596750 11408594 7518560 7510700 19836242 7506413 9020117 20124286 18271526 24658140 8940013 17971399 11370743 8887653 25402006 10026169 16729043 19289468 9416834 20473329 
P00533;EGFR;P00533;EGFR;1;23794705 21775422 19650109 2732223 23436906 20007378 18042729 25453753 19225046 21480528 14576349 23956138 23972990 28065597 6321473 20456371 23374349 12297049 8870675 20029029 18427122 19563760 22579287 24135280 22232519 23595626 24077285 12297050 20359299 16777603 11087732 12620237 18271526 
Q05513;PRKCZ;P00533;EGFR;0.286;24658140 25402006 
Q9NP31;SH2D2A;P04626;ERBB2;0.332;16273093 
Q9NV92;NDFIP2;P00533;EGFR;0.21;20534535 
Q9NZC7;WWOX;Q15303;ERBB4;0.623;22584572 19047365 16061658 20943952 
Q9P0J1;PDP1;P00533;EGFR;0.309;24486017 
Q9P0L0;VAPA;P00533;EGFR;0.454;23956138 20029029 
Q06830;PRDX1;P00533;EGFR;0.507;23956138 20029029 18271526 
Q9P2T1;GMPR2;P04626;ERBB2;0.286;25640309 
Q9P2W1;PSMC3IP;P04626;ERBB2;0.286;25640309 
P00533;EGFR;O00206;TLR4;0.21;17126326 
P00533;EGFR;O00213;APBB1;0.332;16273093 
P04626;ERBB2;O00213;APBB1;0.183;16273093 
Q07954;LRP1;P00533;EGFR;0.376;24658140 28065597 25402006 
P00533;EGFR;O00291;HIP1;0.21;17440072 
P00533;EGFR;A7KAX9;ARHGAP32;0.21;12446789 
P00533;EGFR;O00401;WASL;0.286;24658140 25402006 
Q15303;ERBB4;O00459;PIK3R2;0.236;16729043 
Q15303;ERBB4;Q05586;GRIN1;0.21;16767099 
P04626;ERBB2;O00750;PIK3C2B;0.454;10805725 
Q9UQF2;MAPK8IP1;P04626;ERBB2;0.332;16273093 
Q9UQF2;MAPK8IP1;P00533;EGFR;0.332;16273093 
Q08881;ITK;P04626;ERBB2;0.332;16273093 
Q08881;ITK;P21860;ERBB3;0.183;16273093 
Q9NRD1;FBXO6;P00533;EGFR;0.236;23956138 22268729 
P04626;ERBB2;O14492;SH2B2;0.183;16273093 
P21860;ERBB3;O14511;NRG2;0.523;9168115 15358134 
Q15303;ERBB4;O14511;NRG2;0.523;9168115 15358134 
Q9UKG1;APPL1;P00533;EGFR;0.332;16273093 
P00533;EGFR;O14544;SOCS6;0.286;24658140 25402006 
Q09666;AHNAK;P00533;EGFR;0.454;20029029 24189400 
Q9NRD5;PICK1;P04626;ERBB2;0.454;11278603 
Q9NRF2;SH2B1;P00533;EGFR;0.416;16273093 24658140 25402006 
Q9UBN7;HDAC6;P21860;ERBB3;0.286;20029029 
P00533;EGFR;O14818;PSMA7;0.286;20029029 
Q9UBN7;HDAC6;Q15303;ERBB4;0.286;20029029 
P04626;ERBB2;B4DYC6;B4DYC6;0.126;25036637 
P00533;EGFR;O14944;EREG;0.21;9419975 
Q15303;ERBB4;O14944;EREG;0.21;9419975 
P00533;EGFR;O14964;HGS;0.692;23153581 18508924 23602387 23477725 25588945 
Q9UBU9;NXF1;P04626;ERBB2;0.126;22658674 
P04626;ERBB2;O14980;XPO1;0.376;16314522 
Q9UKW4;VAV3;P04626;ERBB2;0.183;16273093 
Q9UKW4;VAV3;P00533;EGFR;0.21;10938113 
P00533;EGFR;O15162;PLSCR1;0.309;12009895 
P00533;EGFR;O15194;CTDSPL;0.126;27880917 
Q9UQQ2;SH2B3;P00533;EGFR;0.183;16273093 
Q9UQQ2;SH2B3;P04626;ERBB2;0.183;16273093 
Q9UQQ2;SH2B3;P21860;ERBB3;0.183;16273093 
Q9NSE2;CISH;P04626;ERBB2;0.332;16273093 
Q9ULJ1;ODF2L;P21860;ERBB3;0.286;16169070 
P06493;CDK1;P00533;EGFR;0.569;24658140 15657067 18271526 25402006 23956138 
P07332;FES;P00533;EGFR;0.183;16273093 
Q9Y2R2;PTPN22;P00533;EGFR;0.376;24658140 25402006 
Q9Y2R2;PTPN22;P04626;ERBB2;0.065;19167335 
P07602;PSAP;P04626;ERBB2;0.286;25640309 
Q9Y316;MEMO1;P04626;ERBB2;0.376;21840311 
Q9Y337;KLK5;P04626;ERBB2;0.286;25640309 
P07900;HSP90AA1;P00533;EGFR;0.765;24658140 12006493 12471035 23956138 20029029 24189400 16849543 25402006 
P21860;ERBB3;P07900;HSP90AA1;0.236;24189400 22939624 
P36542;ATP5C1;P00533;EGFR;0.436;16169070 19531499 
P07948;LYN;P00533;EGFR;0.623;24658140 16799092 23764002 25402006 
Q9UN19;DAPP1;P21860;ERBB3;0.183;16273093 
P08069;IGF1R;P00533;EGFR;0.507;17047074 17307140 
P08069;IGF1R;P04626;ERBB2;0.21;17307140 
P08107;HSPA1B;P00533;EGFR;0.554;24658140 20029029 25241761 15657067 
Q9Y490;TLN1;P04626;ERBB2;0.332;16273093 
P08238;HSP90AB1;P04626;ERBB2;0.332;22939624 24189400 
Q9UNH7;SNX6;P00533;EGFR;0.21;11279102 
P08575;PTPRC;P00533;EGFR;0.065;19167335 
P08575;PTPRC;P04626;ERBB2;0.065;19167335 
P21860;ERBB3;P08581;MET;0.21;21918175 
Q9Y5F2;PCDHB11;P00533;EGFR;0.126;28514442 
P21860;ERBB3;P08631;HCK;0.183;16273093 
Q9Y5K6;CD2AP;P00533;EGFR;0.21;12672817 
Q9UPT5;EXOC7;P00533;EGFR;0.396;25594178 23956138 
P09211;GSTP1;P00533;EGFR;0.702;19254954 26429914 
Q9Y6E0;STK24;P04626;ERBB2;0.286;25640309 
Q9Y6I3;EPN1;P00533;EGFR;0.507;15701692 21226813 19054389 
Q9Y6I3;EPN1;P21860;ERBB3;0.21;26975582 
P09467;FBP1;P04626;ERBB2;0.126;24412244 
Q9Y6K9;IKBKG;P00533;EGFR;0.286;24658140 25402006 
Q06190;PPP2R3A;P00533;EGFR;0.21;19825976 
Q9Y6W3;CAPN7;P00533;EGFR;0.126;24953135 
Q9UQ80;PA2G4;P21860;ERBB3;0.702;10682683 11325528 11708806 
P09769;FGR;P04626;ERBB2;0.332;16273093 
Q15303;ERBB4;P05549;TFAP2A;0.21;20943952 
Q06124;PTPN11;P04626;ERBB2;0.636;8959326 16729043 9756944 16273093 28065597 
Q06124;PTPN11;P00533;EGFR;0.848;8959326 16729043 9756944 16273093 28065597 20473329 7673163 
P05771;PRKCB;P00533;EGFR;0.309;9815893 
P06241;FYN;P04626;ERBB2;0.523;24815698 
P06756;ITGAV;P04626;ERBB2;0.376;26222911 
P10636;MAPT;P00533;EGFR;0.286;24658140 25402006 
P06396;GSN;P00533;EGFR;0.126;20029029 
P06401;PGR;P04626;ERBB2;0.376;20876300 
P11245;NAT2;P04626;ERBB2;0.286;25640309 
P11279;LAMP1;P00533;EGFR;0.236;24597955 21510942 
P37058;HSD17B3;P04626;ERBB2;0.126;24412244 
P37231;PPARG;P00533;EGFR;0.569;26718225 
Q6GQQ9;OTUD7B;P00533;EGFR;0.21;22179831 
P12004;PCNA;P00533;EGFR;0.569;17115032 
Q6PK50;HSP90AB1;P00533;EGFR;0.236;25036637 
Q6PKX4;DOK6;P00533;EGFR;0.183;16273093 
P12830;CDH1;P04626;ERBB2;0.126;25468996 
P21860;ERBB3;P12830;CDH1;0.126;25468996 
P21860;ERBB3;P12931;SRC;0.183;16273093 
P14174;MIF;P00533;EGFR;0.523;26280537 
Q6XE38;SCGB1D4;P00533;EGFR;0.126;28514442 
P40189;IL6ST;P04626;ERBB2;0.376;11821958 
P40189;IL6ST;P21860;ERBB3;0.21;11821958 
P14625;HSP90B1;P04626;ERBB2;0.21;8617772 
P14923;JUP;P00533;EGFR;0.507;24658140 9535896 25402006 
Q6ZV89;SH2D5;P04626;ERBB2;0.183;16273093 
P15498;VAV1;P00533;EGFR;0.436;24658140 10938113 25402006 
Q70E73;RAPH1;P00533;EGFR;0.376;24076656 
P15882;CHN1;P04626;ERBB2;0.183;16273093 
P37840;SNCA;P00533;EGFR;0.286;24658140 25402006 
P21860;ERBB3;P15941;MUC1;0.21;11278868 
Q15303;ERBB4;P15941;MUC1;0.21;11278868 
Q71U36;TUBA1A;P00533;EGFR;0.569;24658140 24189400 15657067 16799092 25402006 
Q15303;ERBB4;P16070;CD44;0.21;11825873 
P16104;H2AFX;P00533;EGFR;0.309;28065597 21704408 
P16152;CBR1;P00533;EGFR;0.286;20029029 
P16591;FER;P00533;EGFR;0.376;7623846 18271526 
P16930;FAH;P00533;EGFR;0.286;20029029 
P17612;PRKACA;P00533;EGFR;0.454;9050991 12589790 
P17931;LGALS3;P00533;EGFR;0.454;23956138 21258405 19225046 
P17936;IGFBP3;P00533;EGFR;0.507;23178489 
Q15303;ERBB4;P40818;USP8;0.21;23153581 
P40925;MDH1;P00533;EGFR;0.286;20029029 
Q8WXH5;SOCS4;P00533;EGFR;0.309;17997974 
Q8WYP3;RIN2;P04626;ERBB2;0.183;16273093 
P41240;CSK;P00533;EGFR;0.523;24658140 16729043 25402006 
Q92187;ST8SIA4;P00533;EGFR;0.126;28514442 
Q7L190;DPPA4;P21860;ERBB3;0.126;26687479 
Q7L273;KCTD9;P00533;EGFR;0.126;20029029 
Q92529;SHC3;P21860;ERBB3;0.332;16273093 
Q92569;PIK3R3;P04626;ERBB2;0.332;16273093 
Q92569;PIK3R3;P21860;ERBB3;0.416;16273093 24189400 
Q92622;KIAA0226;P00533;EGFR;0.507;25594178 24034250 
Q92625;ANKS1A;P00533;EGFR;0.681;16273093 24658140 25402006 
Q92625;ANKS1A;P04626;ERBB2;0.332;16273093 
Q92625;ANKS1A;Q15303;ERBB4;0.183;16273093 
Q92729;PTPRU;P00533;EGFR;0.309;8870675 
Q63HR2;TENC1;P04626;ERBB2;0.332;16273093 
Q92733;PRCC;P00533;EGFR;0.286;20029029 
Q92754;TFAP2C;Q15303;ERBB4;0.454;20943952 
Q63HR2;TENC1;P21860;ERBB3;0.332;16273093 
P42336;PIK3CA;P21860;ERBB3;0.569;19411071 11546794 24189400 
P42679;MATK;P04626;ERBB2;0.354;16273093 12122014 
P42680;TEC;P04626;ERBB2;0.183;16273093 
P42681;TXK;P04626;ERBB2;0.183;16273093 
P42681;TXK;P21860;ERBB3;0.183;16273093 
P42684;ABL2;P04626;ERBB2;0.332;16273093 
P42684;ABL2;P21860;ERBB3;0.332;16273093 
Q15303;ERBB4;P42684;ABL2;0.332;16273093 
P42685;FRK;P00533;EGFR;0.376;24658140 25402006 
P42768;WAS;P00533;EGFR;0.376;9307968 
P42858;HTT;P00533;EGFR;0.21;9079622 
Q8TCG1;KIAA1524;P00533;EGFR;0.236;23956138 
Q8TCJ0;FBXO25;P00533;EGFR;0.183;23940030 
P43115;PTGER3;P04626;ERBB2;0.126;28514442 
Q7Z6G8;ANKS1B;P00533;EGFR;0.183;16273093 
Q7Z6G8;ANKS1B;P04626;ERBB2;0.183;16273093 
Q7Z6G8;ANKS1B;Q15303;ERBB4;0.183;16273093 
Q68CZ2;TNS3;P21860;ERBB3;0.332;16273093 
Q7Z7G1;CLNK;P00533;EGFR;0.183;16273093 
Q7Z7G1;CLNK;P04626;ERBB2;0.183;16273093 
Q8WUI4;HDAC7;P00533;EGFR;0.454;24658140 25402006 
Q8TDQ0;HAVCR2;P04626;ERBB2;0.126;28514442 
Q8TDB4;MGARP;P00533;EGFR;0.286;20029029 
Q8TDI0;CHD5;P00533;EGFR;0.126;24658140 
Q969T9;WBP2;P00533;EGFR;0.21;27578003 
Q96AD5;PNPLA2;P00533;EGFR;0.126;20029029 
Q8TEW6;DOK4;P04626;ERBB2;0.332;16273093 
Q96BE0;Q96BE0;P00533;EGFR;0.236;25036637 
Q8WUM4;PDCD6IP;P00533;EGFR;0.648;24658140 15557335 15456872 25402006 12771190 
Q6FHJ7;SFRP4;P04626;ERBB2;0.126;24412244 
P43405;SYK;P00533;EGFR;0.332;16273093 
Q96D37;VAV1;P00533;EGFR;0.183;16273093 
Q96D37;VAV1;P04626;ERBB2;0.183;16273093 
Q96D37;VAV1;P21860;ERBB3;0.183;16273093 
Q96DR8;MUCL1;P04626;ERBB2;0.286;25640309 
P20936;RASA1;P04626;ERBB2;0.416;16273093 24412244 
P21860;ERBB3;P20936;RASA1;0.183;16273093 
Q15303;ERBB4;P20936;RASA1;0.183;16273093 
P43403;ZAP70;P00533;EGFR;0.416;16273093 24658140 25402006 
P21291;CSRP1;P00533;EGFR;0.286;20029029 
P43405;SYK;P04626;ERBB2;0.332;16273093 
P43405;SYK;P21860;ERBB3;0.332;16273093 
P49407;ARRB1;P00533;EGFR;0.49;24658140 25402006 
P21860;ERBB3;A2A3K4;PTPDC1;0.183;28065597 
P21860;ERBB3;A5A3E0;POTEF;0.126;24189400 
P21860;ERBB3;O43374;RASA4;0.126;16169070 
P21860;ERBB3;O43639;NCK2;0.183;16273093 
P21860;ERBB3;O43670;ZNF207;0.309;12840049 
P21860;ERBB3;O60674;JAK2;0.183;16273093 
P21860;ERBB3;O60783;MRPS14;0.126;24189400 
P21860;ERBB3;O75688;PPM1B;0.183;28065597 
P21860;ERBB3;O75815;BCAR3;0.183;16273093 
P21860;ERBB3;O95147;DUSP14;0.183;28065597 
P21860;ERBB3;O95196;CSPG5;0.309;15358134 
P21860;ERBB3;O95677;EYA4;0.183;28065597 
P21860;ERBB3;O95831;AIFM1;0.126;24189400 
P21860;ERBB3;P02042;HBD;0.126;24189400 
P21860;ERBB3;P02100;HBE1;0.126;24189400 
P21860;ERBB3;P04439;HLA-A;0.126;26186194 
P21860;ERBB3;P04843;RPN1;0.309;12840049 
P21860;ERBB3;P07355;ANXA2;0.126;24189400 
P21860;ERBB3;P07919;UQCRH;0.126;28514442 
P21860;ERBB3;P0DMV8;HSPA1A;0.126;24189400 
P21860;ERBB3;P0DMV9;HSPA1B {ECO:0000312|HGNC:HGNC:5233};0.126;24189400 
P21860;ERBB3;P11021;HSPA5;0.126;24189400 
P21860;ERBB3;P11362;FGFR1;0.183;16273093 
P21860;ERBB3;P16189;HLA-A;0.126;24189400 
P21860;ERBB3;P16333;NCK1;0.183;16273093 
P21860;ERBB3;P16591;FER;0.183;16273093 
P21860;ERBB3;P18146;EGR1;0.309;12840049 
P21860;ERBB3;P19174;PLCG1;0.332;16273093 
P27824;CANX;P21860;ERBB3;0.126;24189400 
P29350;PTPN6;P21860;ERBB3;0.183;28065597 
P30307;CDC25C;P21860;ERBB3;0.183;28065597 
P30443;HLA-A;P21860;ERBB3;0.126;26186194 
P30481;HLA-B;P21860;ERBB3;0.126;24189400 
P30483;HLA-B;P21860;ERBB3;0.126;24189400 
P30512;HLA-A;P21860;ERBB3;0.126;24189400 
P31689;DNAJA1;P21860;ERBB3;0.126;24189400 
P31942;HNRNPH3;P21860;ERBB3;0.126;24189400 
P35236;PTPN7;P21860;ERBB3;0.183;28065597 
P35813;PPM1A;P21860;ERBB3;0.183;28065597 
P42338;PIK3CB;P21860;ERBB3;0.126;24189400 
P43307;SSR1;P21860;ERBB3;0.126;24189400 
P43403;ZAP70;P21860;ERBB3;0.183;16273093 
P46108;CRK;P21860;ERBB3;0.183;16273093 
P46934;NEDD4;P21860;ERBB3;0.21;27793840 
P47813;EIF1AX;P21860;ERBB3;0.126;26186194 
P48740;MASP1;P21860;ERBB3;0.126;24189400 
P49411;TUFM;P21860;ERBB3;0.126;24189400 
P49593;PPM1F;P21860;ERBB3;0.183;28065597 
P49798;RGS4;P21860;ERBB3;0.376;12840049 
P52333;JAK3;P21860;ERBB3;0.183;16273093 
P55795;HNRNPH2;P21860;ERBB3;0.126;24189400 
P56180;TPTE;P21860;ERBB3;0.183;28065597 
P58557;YBEY;P21860;ERBB3;0.126;26186194 
P60484;PTEN;P21860;ERBB3;0.183;28065597 
P60709;ACTB;P21860;ERBB3;0.126;24189400 
P60903;S100A10;P21860;ERBB3;0.126;24189400 
P61769;B2M;P21860;ERBB3;0.126;24189400 
P62736;ACTA2;P21860;ERBB3;0.126;24189400 
P63261;ACTG1;P21860;ERBB3;0.126;24189400 
P63267;ACTG2;P21860;ERBB3;0.126;24189400 
P68032;ACTC1;P21860;ERBB3;0.126;24189400 
P68133;ACTA1;P21860;ERBB3;0.126;24189400 
P68363;TUBA1B;P21860;ERBB3;0.126;24189400 
P68871;HBB;P21860;ERBB3;0.126;24189400 
P69891;HBG1;P21860;ERBB3;0.126;24189400 
P69892;HBG2;P21860;ERBB3;0.126;24189400 
P69905;HBA2;P21860;ERBB3;0.126;24189400 
P78406;RAE1;P21860;ERBB3;0.126;24189400 
Q00987;MDM2;P21860;ERBB3;0.376;21930127 
Q01973;ROR1;P21860;ERBB3;0.21;22439932 
Q05209;PTPN12;P21860;ERBB3;0.183;28065597 
Q13613;MTMR1;P21860;ERBB3;0.183;28065597 
Q13614;MTMR2;P21860;ERBB3;0.183;28065597 
Q14289;PTK2B;P21860;ERBB3;0.21;27793840 
Q15256;PTPRR;P21860;ERBB3;0.183;28065597 
Q16543;CDC37;P21860;ERBB3;0.126;24189400 
Q4JDL3;PTPN20 {ECO:0000312|HGNC:HGNC:23423};P21860;ERBB3;0.183;28065597 
Q4VC44;FLYWCH1;P21860;ERBB3;0.126;16169070 
Q68J44;DUPD1;P21860;ERBB3;0.183;28065597 
Q6S8J3;POTEE;P21860;ERBB3;0.126;24189400 
Q6Y288;B3GALTL;P21860;ERBB3;0.126;26186194 
Q8N3J5;PPM1K;P21860;ERBB3;0.183;28065597 
Q8NEJ0;DUSP18;P21860;ERBB3;0.183;28065597 
Q8WTR2;DUSP19;P21860;ERBB3;0.183;28065597 
Q8WUJ0;STYX;P21860;ERBB3;0.183;28065597 
Q8WV24;PHLDA1;P21860;ERBB3;0.126;24189400 
Q92552;MRPS27;P21860;ERBB3;0.126;24189400 
Q92597;NDRG1;P21860;ERBB3;0.21;27793840 
Q96EF0;MTMR8;P21860;ERBB3;0.183;28065597 
Q96EY7;PTCD3;P21860;ERBB3;0.126;24189400 
Q96MI6;Q96MI6;P21860;ERBB3;0.183;28065597 
Q96PU5;NEDD4L;P21860;ERBB3;0.376;27793840 
Q96QG7;MTMR9;P21860;ERBB3;0.183;28065597 
Q9BYX7;POTEKP;P21860;ERBB3;0.126;24189400 
Q9H0C8;ILKAP;P21860;ERBB3;0.183;28065597 
Q9H596;DUSP21;P21860;ERBB3;0.183;28065597 
Q9NXD2;MTMR10;P21860;ERBB3;0.183;28065597 
Q9UBS4;DNAJB11;P21860;ERBB3;0.126;24189400 
Q9UDW1;UQCR10;P21860;ERBB3;0.126;26186194 
Q9UKW4;VAV3;P21860;ERBB3;0.183;16273093 
Q9Y217;MTMR6;P21860;ERBB3;0.183;28065597 
Q9Y2Q9;MRPS28;P21860;ERBB3;0.126;24189400 
Q9Y2R5;MRPS17;P21860;ERBB3;0.126;24189400 
Q9Y3D9;MRPS23;P21860;ERBB3;0.126;24189400 
Q9Y6Q5;AP1M2;P21860;ERBB3;0.126;24189400 
Q8IVD9;NUDCD3;P04626;ERBB2;0.126;25036637 
P49757;NUMB;P00533;EGFR;0.183;16273093 
Q8IVM0;CCDC50;P00533;EGFR;0.376;16803894 
Q8IW90;Q8IW90;P04626;ERBB2;0.126;25640309 
Q8IWX7;UNC45B;P04626;ERBB2;0.126;25036637 
P43657;LPAR6;P04626;ERBB2;0.126;26186194 
